run_id,rq,phase,task,tier,dataset,budget,generator,generation_id,model,ratio,allocation,reweight,training_seed,selection_seed,status,wall_seconds,peak_gpu_gb,primary_metric,primary_value
cifar100_shot5_seed0_resnet50_none_seed0,RQ2,1,classification,A,cifar100,5-shot,none,,resnet50,0,,False,0,0,planned,,,,
cifar100_shot5_seed0_resnet50_none_seed1,RQ2,1,classification,A,cifar100,5-shot,none,,resnet50,0,,False,1,0,planned,,,,
cifar100_shot5_seed0_resnet50_none_seed2,RQ2,1,classification,A,cifar100,5-shot,none,,resnet50,0,,False,2,0,planned,,,,
cifar100_shot5_seed0_resnet50_none_seed3,RQ2,1,classification,A,cifar100,5-shot,none,,resnet50,0,,False,3,0,planned,,,,
cifar100_shot5_seed0_resnet50_none_seed4,RQ2,1,classification,A,cifar100,5-shot,none,,resnet50,0,,False,4,0,planned,,,,
cifar100_shot5_seed0_resnet50_randaugment_seed0,RQ4,1,classification,A,cifar100,5-shot,randaugment,,resnet50,0,,False,0,0,planned,,,,
cifar100_shot5_seed0_resnet50_randaugment_seed1,RQ4,1,classification,A,cifar100,5-shot,randaugment,,resnet50,0,,False,1,0,planned,,,,
cifar100_shot5_seed0_resnet50_randaugment_seed2,RQ4,1,classification,A,cifar100,5-shot,randaugment,,resnet50,0,,False,2,0,planned,,,,
cifar100_shot5_seed0_resnet50_randaugment_seed3,RQ4,1,classification,A,cifar100,5-shot,randaugment,,resnet50,0,,False,3,0,planned,,,,
cifar100_shot5_seed0_resnet50_randaugment_seed4,RQ4,1,classification,A,cifar100,5-shot,randaugment,,resnet50,0,,False,4,0,planned,,,,
cifar100_shot5_seed0_resnet50_mixup_seed0,RQ4,1,classification,A,cifar100,5-shot,mixup,,resnet50,0,,False,0,0,planned,,,,
cifar100_shot5_seed0_resnet50_mixup_seed1,RQ4,1,classification,A,cifar100,5-shot,mixup,,resnet50,0,,False,1,0,planned,,,,
cifar100_shot5_seed0_resnet50_mixup_seed2,RQ4,1,classification,A,cifar100,5-shot,mixup,,resnet50,0,,False,2,0,planned,,,,
cifar100_shot5_seed0_resnet50_mixup_seed3,RQ4,1,classification,A,cifar100,5-shot,mixup,,resnet50,0,,False,3,0,planned,,,,
cifar100_shot5_seed0_resnet50_mixup_seed4,RQ4,1,classification,A,cifar100,5-shot,mixup,,resnet50,0,,False,4,0,planned,,,,
cifar100_shot5_seed0_resnet50_cutmix_seed0,RQ4,1,classification,A,cifar100,5-shot,cutmix,,resnet50,0,,False,0,0,planned,,,,
cifar100_shot5_seed0_resnet50_cutmix_seed1,RQ4,1,classification,A,cifar100,5-shot,cutmix,,resnet50,0,,False,1,0,planned,,,,
cifar100_shot5_seed0_resnet50_cutmix_seed2,RQ4,1,classification,A,cifar100,5-shot,cutmix,,resnet50,0,,False,2,0,planned,,,,
cifar100_shot5_seed0_resnet50_cutmix_seed3,RQ4,1,classification,A,cifar100,5-shot,cutmix,,resnet50,0,,False,3,0,planned,,,,
cifar100_shot5_seed0_resnet50_cutmix_seed4,RQ4,1,classification,A,cifar100,5-shot,cutmix,,resnet50,0,,False,4,0,planned,,,,
cifar100_shot5_seed0_convnext_t_none_seed0,RQ2,1,classification,A,cifar100,5-shot,none,,convnext_t,0,,False,0,0,planned,,,,
cifar100_shot5_seed0_convnext_t_none_seed1,RQ2,1,classification,A,cifar100,5-shot,none,,convnext_t,0,,False,1,0,planned,,,,
cifar100_shot5_seed0_convnext_t_none_seed2,RQ2,1,classification,A,cifar100,5-shot,none,,convnext_t,0,,False,2,0,planned,,,,
cifar100_shot5_seed0_convnext_t_none_seed3,RQ2,1,classification,A,cifar100,5-shot,none,,convnext_t,0,,False,3,0,planned,,,,
cifar100_shot5_seed0_convnext_t_none_seed4,RQ2,1,classification,A,cifar100,5-shot,none,,convnext_t,0,,False,4,0,planned,,,,
cifar100_shot5_seed0_convnext_t_randaugment_seed0,RQ4,1,classification,A,cifar100,5-shot,randaugment,,convnext_t,0,,False,0,0,planned,,,,
cifar100_shot5_seed0_convnext_t_randaugment_seed1,RQ4,1,classification,A,cifar100,5-shot,randaugment,,convnext_t,0,,False,1,0,planned,,,,
cifar100_shot5_seed0_convnext_t_randaugment_seed2,RQ4,1,classification,A,cifar100,5-shot,randaugment,,convnext_t,0,,False,2,0,planned,,,,
cifar100_shot5_seed0_convnext_t_randaugment_seed3,RQ4,1,classification,A,cifar100,5-shot,randaugment,,convnext_t,0,,False,3,0,planned,,,,
cifar100_shot5_seed0_convnext_t_randaugment_seed4,RQ4,1,classification,A,cifar100,5-shot,randaugment,,convnext_t,0,,False,4,0,planned,,,,
cifar100_shot5_seed0_convnext_t_mixup_seed0,RQ4,1,classification,A,cifar100,5-shot,mixup,,convnext_t,0,,False,0,0,planned,,,,
cifar100_shot5_seed0_convnext_t_mixup_seed1,RQ4,1,classification,A,cifar100,5-shot,mixup,,convnext_t,0,,False,1,0,planned,,,,
cifar100_shot5_seed0_convnext_t_mixup_seed2,RQ4,1,classification,A,cifar100,5-shot,mixup,,convnext_t,0,,False,2,0,planned,,,,
cifar100_shot5_seed0_convnext_t_mixup_seed3,RQ4,1,classification,A,cifar100,5-shot,mixup,,convnext_t,0,,False,3,0,planned,,,,
cifar100_shot5_seed0_convnext_t_mixup_seed4,RQ4,1,classification,A,cifar100,5-shot,mixup,,convnext_t,0,,False,4,0,planned,,,,
cifar100_shot5_seed0_convnext_t_cutmix_seed0,RQ4,1,classification,A,cifar100,5-shot,cutmix,,convnext_t,0,,False,0,0,planned,,,,
cifar100_shot5_seed0_convnext_t_cutmix_seed1,RQ4,1,classification,A,cifar100,5-shot,cutmix,,convnext_t,0,,False,1,0,planned,,,,
cifar100_shot5_seed0_convnext_t_cutmix_seed2,RQ4,1,classification,A,cifar100,5-shot,cutmix,,convnext_t,0,,False,2,0,planned,,,,
cifar100_shot5_seed0_convnext_t_cutmix_seed3,RQ4,1,classification,A,cifar100,5-shot,cutmix,,convnext_t,0,,False,3,0,planned,,,,
cifar100_shot5_seed0_convnext_t_cutmix_seed4,RQ4,1,classification,A,cifar100,5-shot,cutmix,,convnext_t,0,,False,4,0,planned,,,,
cifar100_shot5_seed0_vit_b16_none_seed0,RQ2,1,classification,A,cifar100,5-shot,none,,vit_b16,0,,False,0,0,planned,,,,
cifar100_shot5_seed0_vit_b16_none_seed1,RQ2,1,classification,A,cifar100,5-shot,none,,vit_b16,0,,False,1,0,planned,,,,
cifar100_shot5_seed0_vit_b16_none_seed2,RQ2,1,classification,A,cifar100,5-shot,none,,vit_b16,0,,False,2,0,planned,,,,
cifar100_shot5_seed0_vit_b16_none_seed3,RQ2,1,classification,A,cifar100,5-shot,none,,vit_b16,0,,False,3,0,planned,,,,
cifar100_shot5_seed0_vit_b16_none_seed4,RQ2,1,classification,A,cifar100,5-shot,none,,vit_b16,0,,False,4,0,planned,,,,
cifar100_shot5_seed0_vit_b16_randaugment_seed0,RQ4,1,classification,A,cifar100,5-shot,randaugment,,vit_b16,0,,False,0,0,planned,,,,
cifar100_shot5_seed0_vit_b16_randaugment_seed1,RQ4,1,classification,A,cifar100,5-shot,randaugment,,vit_b16,0,,False,1,0,planned,,,,
cifar100_shot5_seed0_vit_b16_randaugment_seed2,RQ4,1,classification,A,cifar100,5-shot,randaugment,,vit_b16,0,,False,2,0,planned,,,,
cifar100_shot5_seed0_vit_b16_randaugment_seed3,RQ4,1,classification,A,cifar100,5-shot,randaugment,,vit_b16,0,,False,3,0,planned,,,,
cifar100_shot5_seed0_vit_b16_randaugment_seed4,RQ4,1,classification,A,cifar100,5-shot,randaugment,,vit_b16,0,,False,4,0,planned,,,,
cifar100_shot5_seed0_vit_b16_mixup_seed0,RQ4,1,classification,A,cifar100,5-shot,mixup,,vit_b16,0,,False,0,0,planned,,,,
cifar100_shot5_seed0_vit_b16_mixup_seed1,RQ4,1,classification,A,cifar100,5-shot,mixup,,vit_b16,0,,False,1,0,planned,,,,
cifar100_shot5_seed0_vit_b16_mixup_seed2,RQ4,1,classification,A,cifar100,5-shot,mixup,,vit_b16,0,,False,2,0,planned,,,,
cifar100_shot5_seed0_vit_b16_mixup_seed3,RQ4,1,classification,A,cifar100,5-shot,mixup,,vit_b16,0,,False,3,0,planned,,,,
cifar100_shot5_seed0_vit_b16_mixup_seed4,RQ4,1,classification,A,cifar100,5-shot,mixup,,vit_b16,0,,False,4,0,planned,,,,
cifar100_shot5_seed0_vit_b16_cutmix_seed0,RQ4,1,classification,A,cifar100,5-shot,cutmix,,vit_b16,0,,False,0,0,planned,,,,
cifar100_shot5_seed0_vit_b16_cutmix_seed1,RQ4,1,classification,A,cifar100,5-shot,cutmix,,vit_b16,0,,False,1,0,planned,,,,
cifar100_shot5_seed0_vit_b16_cutmix_seed2,RQ4,1,classification,A,cifar100,5-shot,cutmix,,vit_b16,0,,False,2,0,planned,,,,
cifar100_shot5_seed0_vit_b16_cutmix_seed3,RQ4,1,classification,A,cifar100,5-shot,cutmix,,vit_b16,0,,False,3,0,planned,,,,
cifar100_shot5_seed0_vit_b16_cutmix_seed4,RQ4,1,classification,A,cifar100,5-shot,cutmix,,vit_b16,0,,False,4,0,planned,,,,
cifar100_shot5_seed0_swin_t_none_seed0,RQ2,1,classification,A,cifar100,5-shot,none,,swin_t,0,,False,0,0,planned,,,,
cifar100_shot5_seed0_swin_t_none_seed1,RQ2,1,classification,A,cifar100,5-shot,none,,swin_t,0,,False,1,0,planned,,,,
cifar100_shot5_seed0_swin_t_none_seed2,RQ2,1,classification,A,cifar100,5-shot,none,,swin_t,0,,False,2,0,planned,,,,
cifar100_shot5_seed0_swin_t_none_seed3,RQ2,1,classification,A,cifar100,5-shot,none,,swin_t,0,,False,3,0,planned,,,,
cifar100_shot5_seed0_swin_t_none_seed4,RQ2,1,classification,A,cifar100,5-shot,none,,swin_t,0,,False,4,0,planned,,,,
cifar100_shot5_seed0_swin_t_randaugment_seed0,RQ4,1,classification,A,cifar100,5-shot,randaugment,,swin_t,0,,False,0,0,planned,,,,
cifar100_shot5_seed0_swin_t_randaugment_seed1,RQ4,1,classification,A,cifar100,5-shot,randaugment,,swin_t,0,,False,1,0,planned,,,,
cifar100_shot5_seed0_swin_t_randaugment_seed2,RQ4,1,classification,A,cifar100,5-shot,randaugment,,swin_t,0,,False,2,0,planned,,,,
cifar100_shot5_seed0_swin_t_randaugment_seed3,RQ4,1,classification,A,cifar100,5-shot,randaugment,,swin_t,0,,False,3,0,planned,,,,
cifar100_shot5_seed0_swin_t_randaugment_seed4,RQ4,1,classification,A,cifar100,5-shot,randaugment,,swin_t,0,,False,4,0,planned,,,,
cifar100_shot5_seed0_swin_t_mixup_seed0,RQ4,1,classification,A,cifar100,5-shot,mixup,,swin_t,0,,False,0,0,planned,,,,
cifar100_shot5_seed0_swin_t_mixup_seed1,RQ4,1,classification,A,cifar100,5-shot,mixup,,swin_t,0,,False,1,0,planned,,,,
cifar100_shot5_seed0_swin_t_mixup_seed2,RQ4,1,classification,A,cifar100,5-shot,mixup,,swin_t,0,,False,2,0,planned,,,,
cifar100_shot5_seed0_swin_t_mixup_seed3,RQ4,1,classification,A,cifar100,5-shot,mixup,,swin_t,0,,False,3,0,planned,,,,
cifar100_shot5_seed0_swin_t_mixup_seed4,RQ4,1,classification,A,cifar100,5-shot,mixup,,swin_t,0,,False,4,0,planned,,,,
cifar100_shot5_seed0_swin_t_cutmix_seed0,RQ4,1,classification,A,cifar100,5-shot,cutmix,,swin_t,0,,False,0,0,planned,,,,
cifar100_shot5_seed0_swin_t_cutmix_seed1,RQ4,1,classification,A,cifar100,5-shot,cutmix,,swin_t,0,,False,1,0,planned,,,,
cifar100_shot5_seed0_swin_t_cutmix_seed2,RQ4,1,classification,A,cifar100,5-shot,cutmix,,swin_t,0,,False,2,0,planned,,,,
cifar100_shot5_seed0_swin_t_cutmix_seed3,RQ4,1,classification,A,cifar100,5-shot,cutmix,,swin_t,0,,False,3,0,planned,,,,
cifar100_shot5_seed0_swin_t_cutmix_seed4,RQ4,1,classification,A,cifar100,5-shot,cutmix,,swin_t,0,,False,4,0,planned,,,,
cifar100_shot10_seed0_resnet50_none_seed0,RQ2,1,classification,A,cifar100,10-shot,none,,resnet50,0,,False,0,0,done,128.26,0.984,top1,0.1356
cifar100_shot10_seed0_resnet50_none_seed1,RQ2,1,classification,A,cifar100,10-shot,none,,resnet50,0,,False,1,0,done,127.86,0.984,top1,0.1349
cifar100_shot10_seed0_resnet50_none_seed2,RQ2,1,classification,A,cifar100,10-shot,none,,resnet50,0,,False,2,0,done,127.9,0.984,top1,0.1357
cifar100_shot10_seed0_resnet50_none_seed3,RQ2,1,classification,A,cifar100,10-shot,none,,resnet50,0,,False,3,0,done,128.08,0.984,top1,0.1342
cifar100_shot10_seed0_resnet50_none_seed4,RQ2,1,classification,A,cifar100,10-shot,none,,resnet50,0,,False,4,0,done,128.11,0.984,top1,0.1341
cifar100_shot10_seed0_resnet50_randaugment_seed0,RQ4,1,classification,A,cifar100,10-shot,randaugment,,resnet50,0,,False,0,0,done,150.35,0.984,top1,0.163
cifar100_shot10_seed0_resnet50_randaugment_seed1,RQ4,1,classification,A,cifar100,10-shot,randaugment,,resnet50,0,,False,1,0,done,150.7,0.984,top1,0.1562
cifar100_shot10_seed0_resnet50_randaugment_seed2,RQ4,1,classification,A,cifar100,10-shot,randaugment,,resnet50,0,,False,2,0,done,150.48,0.984,top1,0.1644
cifar100_shot10_seed0_resnet50_randaugment_seed3,RQ4,1,classification,A,cifar100,10-shot,randaugment,,resnet50,0,,False,3,0,done,149.98,0.984,top1,0.163
cifar100_shot10_seed0_resnet50_randaugment_seed4,RQ4,1,classification,A,cifar100,10-shot,randaugment,,resnet50,0,,False,4,0,done,150.72,0.984,top1,0.1559
cifar100_shot10_seed0_resnet50_mixup_seed0,RQ4,1,classification,A,cifar100,10-shot,mixup,,resnet50,0,,False,0,0,done,129.76,0.983,top1,0.1667
cifar100_shot10_seed0_resnet50_mixup_seed1,RQ4,1,classification,A,cifar100,10-shot,mixup,,resnet50,0,,False,1,0,done,129.65,0.983,top1,0.1659
cifar100_shot10_seed0_resnet50_mixup_seed2,RQ4,1,classification,A,cifar100,10-shot,mixup,,resnet50,0,,False,2,0,done,130.04,0.983,top1,0.1668
cifar100_shot10_seed0_resnet50_mixup_seed3,RQ4,1,classification,A,cifar100,10-shot,mixup,,resnet50,0,,False,3,0,done,129.4,0.983,top1,0.1645
cifar100_shot10_seed0_resnet50_mixup_seed4,RQ4,1,classification,A,cifar100,10-shot,mixup,,resnet50,0,,False,4,0,done,129.9,0.983,top1,0.1673
cifar100_shot10_seed0_resnet50_cutmix_seed0,RQ4,1,classification,A,cifar100,10-shot,cutmix,,resnet50,0,,False,0,0,done,129.93,0.984,top1,0.1431
cifar100_shot10_seed0_resnet50_cutmix_seed1,RQ4,1,classification,A,cifar100,10-shot,cutmix,,resnet50,0,,False,1,0,done,130.11,0.984,top1,0.1356
cifar100_shot10_seed0_resnet50_cutmix_seed2,RQ4,1,classification,A,cifar100,10-shot,cutmix,,resnet50,0,,False,2,0,done,130.2,0.984,top1,0.1375
cifar100_shot10_seed0_resnet50_cutmix_seed3,RQ4,1,classification,A,cifar100,10-shot,cutmix,,resnet50,0,,False,3,0,done,130.23,0.984,top1,0.1402
cifar100_shot10_seed0_resnet50_cutmix_seed4,RQ4,1,classification,A,cifar100,10-shot,cutmix,,resnet50,0,,False,4,0,done,130.21,0.984,top1,0.1441
cifar100_shot10_seed0_convnext_t_none_seed0,RQ2,1,classification,A,cifar100,10-shot,none,,convnext_t,0,,False,0,0,done,138.51,0.692,top1,0.1063
cifar100_shot10_seed0_convnext_t_none_seed1,RQ2,1,classification,A,cifar100,10-shot,none,,convnext_t,0,,False,1,0,done,138.56,0.692,top1,0.1213
cifar100_shot10_seed0_convnext_t_none_seed2,RQ2,1,classification,A,cifar100,10-shot,none,,convnext_t,0,,False,2,0,done,138.78,0.692,top1,0.1119
cifar100_shot10_seed0_convnext_t_none_seed3,RQ2,1,classification,A,cifar100,10-shot,none,,convnext_t,0,,False,3,0,done,137.89,0.692,top1,0.1144
cifar100_shot10_seed0_convnext_t_none_seed4,RQ2,1,classification,A,cifar100,10-shot,none,,convnext_t,0,,False,4,0,done,139.46,0.692,top1,0.1136
cifar100_shot10_seed0_convnext_t_randaugment_seed0,RQ4,1,classification,A,cifar100,10-shot,randaugment,,convnext_t,0,,False,0,0,done,154.68,0.692,top1,0.01
cifar100_shot10_seed0_convnext_t_randaugment_seed1,RQ4,1,classification,A,cifar100,10-shot,randaugment,,convnext_t,0,,False,1,0,done,162.54,0.692,top1,0.1431
cifar100_shot10_seed0_convnext_t_randaugment_seed2,RQ4,1,classification,A,cifar100,10-shot,randaugment,,convnext_t,0,,False,2,0,done,162.14,0.692,top1,0.1394
cifar100_shot10_seed0_convnext_t_randaugment_seed3,RQ4,1,classification,A,cifar100,10-shot,randaugment,,convnext_t,0,,False,3,0,done,162.45,0.692,top1,0.1422
cifar100_shot10_seed0_convnext_t_randaugment_seed4,RQ4,1,classification,A,cifar100,10-shot,randaugment,,convnext_t,0,,False,4,0,done,161.31,0.692,top1,0.1418
cifar100_shot10_seed0_convnext_t_mixup_seed0,RQ4,1,classification,A,cifar100,10-shot,mixup,,convnext_t,0,,False,0,0,done,140.02,0.693,top1,0.121
cifar100_shot10_seed0_convnext_t_mixup_seed1,RQ4,1,classification,A,cifar100,10-shot,mixup,,convnext_t,0,,False,1,0,done,139.97,0.693,top1,0.1275
cifar100_shot10_seed0_convnext_t_mixup_seed2,RQ4,1,classification,A,cifar100,10-shot,mixup,,convnext_t,0,,False,2,0,done,141.39,0.693,top1,0.1213
cifar100_shot10_seed0_convnext_t_mixup_seed3,RQ4,1,classification,A,cifar100,10-shot,mixup,,convnext_t,0,,False,3,0,done,141.33,0.693,top1,0.1213
cifar100_shot10_seed0_convnext_t_mixup_seed4,RQ4,1,classification,A,cifar100,10-shot,mixup,,convnext_t,0,,False,4,0,done,141.85,0.693,top1,0.1258
cifar100_shot10_seed0_convnext_t_cutmix_seed0,RQ4,1,classification,A,cifar100,10-shot,cutmix,,convnext_t,0,,False,0,0,done,140.11,0.693,top1,0.1385
cifar100_shot10_seed0_convnext_t_cutmix_seed1,RQ4,1,classification,A,cifar100,10-shot,cutmix,,convnext_t,0,,False,1,0,done,140.2,0.693,top1,0.138
cifar100_shot10_seed0_convnext_t_cutmix_seed2,RQ4,1,classification,A,cifar100,10-shot,cutmix,,convnext_t,0,,False,2,0,done,140.58,0.693,top1,0.1354
cifar100_shot10_seed0_convnext_t_cutmix_seed3,RQ4,1,classification,A,cifar100,10-shot,cutmix,,convnext_t,0,,False,3,0,done,141.44,0.693,top1,0.1373
cifar100_shot10_seed0_convnext_t_cutmix_seed4,RQ4,1,classification,A,cifar100,10-shot,cutmix,,convnext_t,0,,False,4,0,done,141.71,0.693,top1,0.1357
cifar100_shot10_seed0_vit_b16_none_seed0,RQ2,1,classification,A,cifar100,10-shot,none,,vit_b16,0,,False,0,0,planned,,,,
cifar100_shot10_seed0_vit_b16_none_seed1,RQ2,1,classification,A,cifar100,10-shot,none,,vit_b16,0,,False,1,0,planned,,,,
cifar100_shot10_seed0_vit_b16_none_seed2,RQ2,1,classification,A,cifar100,10-shot,none,,vit_b16,0,,False,2,0,planned,,,,
cifar100_shot10_seed0_vit_b16_none_seed3,RQ2,1,classification,A,cifar100,10-shot,none,,vit_b16,0,,False,3,0,planned,,,,
cifar100_shot10_seed0_vit_b16_none_seed4,RQ2,1,classification,A,cifar100,10-shot,none,,vit_b16,0,,False,4,0,planned,,,,
cifar100_shot10_seed0_vit_b16_randaugment_seed0,RQ4,1,classification,A,cifar100,10-shot,randaugment,,vit_b16,0,,False,0,0,planned,,,,
cifar100_shot10_seed0_vit_b16_randaugment_seed1,RQ4,1,classification,A,cifar100,10-shot,randaugment,,vit_b16,0,,False,1,0,planned,,,,
cifar100_shot10_seed0_vit_b16_randaugment_seed2,RQ4,1,classification,A,cifar100,10-shot,randaugment,,vit_b16,0,,False,2,0,planned,,,,
cifar100_shot10_seed0_vit_b16_randaugment_seed3,RQ4,1,classification,A,cifar100,10-shot,randaugment,,vit_b16,0,,False,3,0,planned,,,,
cifar100_shot10_seed0_vit_b16_randaugment_seed4,RQ4,1,classification,A,cifar100,10-shot,randaugment,,vit_b16,0,,False,4,0,planned,,,,
cifar100_shot10_seed0_vit_b16_mixup_seed0,RQ4,1,classification,A,cifar100,10-shot,mixup,,vit_b16,0,,False,0,0,planned,,,,
cifar100_shot10_seed0_vit_b16_mixup_seed1,RQ4,1,classification,A,cifar100,10-shot,mixup,,vit_b16,0,,False,1,0,planned,,,,
cifar100_shot10_seed0_vit_b16_mixup_seed2,RQ4,1,classification,A,cifar100,10-shot,mixup,,vit_b16,0,,False,2,0,planned,,,,
cifar100_shot10_seed0_vit_b16_mixup_seed3,RQ4,1,classification,A,cifar100,10-shot,mixup,,vit_b16,0,,False,3,0,planned,,,,
cifar100_shot10_seed0_vit_b16_mixup_seed4,RQ4,1,classification,A,cifar100,10-shot,mixup,,vit_b16,0,,False,4,0,planned,,,,
cifar100_shot10_seed0_vit_b16_cutmix_seed0,RQ4,1,classification,A,cifar100,10-shot,cutmix,,vit_b16,0,,False,0,0,planned,,,,
cifar100_shot10_seed0_vit_b16_cutmix_seed1,RQ4,1,classification,A,cifar100,10-shot,cutmix,,vit_b16,0,,False,1,0,planned,,,,
cifar100_shot10_seed0_vit_b16_cutmix_seed2,RQ4,1,classification,A,cifar100,10-shot,cutmix,,vit_b16,0,,False,2,0,planned,,,,
cifar100_shot10_seed0_vit_b16_cutmix_seed3,RQ4,1,classification,A,cifar100,10-shot,cutmix,,vit_b16,0,,False,3,0,planned,,,,
cifar100_shot10_seed0_vit_b16_cutmix_seed4,RQ4,1,classification,A,cifar100,10-shot,cutmix,,vit_b16,0,,False,4,0,planned,,,,
cifar100_shot10_seed0_swin_t_none_seed0,RQ2,1,classification,A,cifar100,10-shot,none,,swin_t,0,,False,0,0,planned,,,,
cifar100_shot10_seed0_swin_t_none_seed1,RQ2,1,classification,A,cifar100,10-shot,none,,swin_t,0,,False,1,0,planned,,,,
cifar100_shot10_seed0_swin_t_none_seed2,RQ2,1,classification,A,cifar100,10-shot,none,,swin_t,0,,False,2,0,planned,,,,
cifar100_shot10_seed0_swin_t_none_seed3,RQ2,1,classification,A,cifar100,10-shot,none,,swin_t,0,,False,3,0,planned,,,,
cifar100_shot10_seed0_swin_t_none_seed4,RQ2,1,classification,A,cifar100,10-shot,none,,swin_t,0,,False,4,0,planned,,,,
cifar100_shot10_seed0_swin_t_randaugment_seed0,RQ4,1,classification,A,cifar100,10-shot,randaugment,,swin_t,0,,False,0,0,planned,,,,
cifar100_shot10_seed0_swin_t_randaugment_seed1,RQ4,1,classification,A,cifar100,10-shot,randaugment,,swin_t,0,,False,1,0,planned,,,,
cifar100_shot10_seed0_swin_t_randaugment_seed2,RQ4,1,classification,A,cifar100,10-shot,randaugment,,swin_t,0,,False,2,0,planned,,,,
cifar100_shot10_seed0_swin_t_randaugment_seed3,RQ4,1,classification,A,cifar100,10-shot,randaugment,,swin_t,0,,False,3,0,planned,,,,
cifar100_shot10_seed0_swin_t_randaugment_seed4,RQ4,1,classification,A,cifar100,10-shot,randaugment,,swin_t,0,,False,4,0,planned,,,,
cifar100_shot10_seed0_swin_t_mixup_seed0,RQ4,1,classification,A,cifar100,10-shot,mixup,,swin_t,0,,False,0,0,planned,,,,
cifar100_shot10_seed0_swin_t_mixup_seed1,RQ4,1,classification,A,cifar100,10-shot,mixup,,swin_t,0,,False,1,0,planned,,,,
cifar100_shot10_seed0_swin_t_mixup_seed2,RQ4,1,classification,A,cifar100,10-shot,mixup,,swin_t,0,,False,2,0,planned,,,,
cifar100_shot10_seed0_swin_t_mixup_seed3,RQ4,1,classification,A,cifar100,10-shot,mixup,,swin_t,0,,False,3,0,planned,,,,
cifar100_shot10_seed0_swin_t_mixup_seed4,RQ4,1,classification,A,cifar100,10-shot,mixup,,swin_t,0,,False,4,0,planned,,,,
cifar100_shot10_seed0_swin_t_cutmix_seed0,RQ4,1,classification,A,cifar100,10-shot,cutmix,,swin_t,0,,False,0,0,planned,,,,
cifar100_shot10_seed0_swin_t_cutmix_seed1,RQ4,1,classification,A,cifar100,10-shot,cutmix,,swin_t,0,,False,1,0,planned,,,,
cifar100_shot10_seed0_swin_t_cutmix_seed2,RQ4,1,classification,A,cifar100,10-shot,cutmix,,swin_t,0,,False,2,0,planned,,,,
cifar100_shot10_seed0_swin_t_cutmix_seed3,RQ4,1,classification,A,cifar100,10-shot,cutmix,,swin_t,0,,False,3,0,planned,,,,
cifar100_shot10_seed0_swin_t_cutmix_seed4,RQ4,1,classification,A,cifar100,10-shot,cutmix,,swin_t,0,,False,4,0,planned,,,,
cifar100_shot20_seed0_resnet50_none_seed0,RQ2,1,classification,A,cifar100,20-shot,none,,resnet50,0,,False,0,0,planned,,,,
cifar100_shot20_seed0_resnet50_none_seed1,RQ2,1,classification,A,cifar100,20-shot,none,,resnet50,0,,False,1,0,planned,,,,
cifar100_shot20_seed0_resnet50_none_seed2,RQ2,1,classification,A,cifar100,20-shot,none,,resnet50,0,,False,2,0,planned,,,,
cifar100_shot20_seed0_resnet50_none_seed3,RQ2,1,classification,A,cifar100,20-shot,none,,resnet50,0,,False,3,0,planned,,,,
cifar100_shot20_seed0_resnet50_none_seed4,RQ2,1,classification,A,cifar100,20-shot,none,,resnet50,0,,False,4,0,planned,,,,
cifar100_shot20_seed0_resnet50_randaugment_seed0,RQ4,1,classification,A,cifar100,20-shot,randaugment,,resnet50,0,,False,0,0,planned,,,,
cifar100_shot20_seed0_resnet50_randaugment_seed1,RQ4,1,classification,A,cifar100,20-shot,randaugment,,resnet50,0,,False,1,0,planned,,,,
cifar100_shot20_seed0_resnet50_randaugment_seed2,RQ4,1,classification,A,cifar100,20-shot,randaugment,,resnet50,0,,False,2,0,planned,,,,
cifar100_shot20_seed0_resnet50_randaugment_seed3,RQ4,1,classification,A,cifar100,20-shot,randaugment,,resnet50,0,,False,3,0,planned,,,,
cifar100_shot20_seed0_resnet50_randaugment_seed4,RQ4,1,classification,A,cifar100,20-shot,randaugment,,resnet50,0,,False,4,0,planned,,,,
cifar100_shot20_seed0_resnet50_mixup_seed0,RQ4,1,classification,A,cifar100,20-shot,mixup,,resnet50,0,,False,0,0,planned,,,,
cifar100_shot20_seed0_resnet50_mixup_seed1,RQ4,1,classification,A,cifar100,20-shot,mixup,,resnet50,0,,False,1,0,planned,,,,
cifar100_shot20_seed0_resnet50_mixup_seed2,RQ4,1,classification,A,cifar100,20-shot,mixup,,resnet50,0,,False,2,0,planned,,,,
cifar100_shot20_seed0_resnet50_mixup_seed3,RQ4,1,classification,A,cifar100,20-shot,mixup,,resnet50,0,,False,3,0,planned,,,,
cifar100_shot20_seed0_resnet50_mixup_seed4,RQ4,1,classification,A,cifar100,20-shot,mixup,,resnet50,0,,False,4,0,planned,,,,
cifar100_shot20_seed0_resnet50_cutmix_seed0,RQ4,1,classification,A,cifar100,20-shot,cutmix,,resnet50,0,,False,0,0,planned,,,,
cifar100_shot20_seed0_resnet50_cutmix_seed1,RQ4,1,classification,A,cifar100,20-shot,cutmix,,resnet50,0,,False,1,0,planned,,,,
cifar100_shot20_seed0_resnet50_cutmix_seed2,RQ4,1,classification,A,cifar100,20-shot,cutmix,,resnet50,0,,False,2,0,planned,,,,
cifar100_shot20_seed0_resnet50_cutmix_seed3,RQ4,1,classification,A,cifar100,20-shot,cutmix,,resnet50,0,,False,3,0,planned,,,,
cifar100_shot20_seed0_resnet50_cutmix_seed4,RQ4,1,classification,A,cifar100,20-shot,cutmix,,resnet50,0,,False,4,0,planned,,,,
cifar100_shot20_seed0_convnext_t_none_seed0,RQ2,1,classification,A,cifar100,20-shot,none,,convnext_t,0,,False,0,0,planned,,,,
cifar100_shot20_seed0_convnext_t_none_seed1,RQ2,1,classification,A,cifar100,20-shot,none,,convnext_t,0,,False,1,0,planned,,,,
cifar100_shot20_seed0_convnext_t_none_seed2,RQ2,1,classification,A,cifar100,20-shot,none,,convnext_t,0,,False,2,0,planned,,,,
cifar100_shot20_seed0_convnext_t_none_seed3,RQ2,1,classification,A,cifar100,20-shot,none,,convnext_t,0,,False,3,0,planned,,,,
cifar100_shot20_seed0_convnext_t_none_seed4,RQ2,1,classification,A,cifar100,20-shot,none,,convnext_t,0,,False,4,0,planned,,,,
cifar100_shot20_seed0_convnext_t_randaugment_seed0,RQ4,1,classification,A,cifar100,20-shot,randaugment,,convnext_t,0,,False,0,0,planned,,,,
cifar100_shot20_seed0_convnext_t_randaugment_seed1,RQ4,1,classification,A,cifar100,20-shot,randaugment,,convnext_t,0,,False,1,0,planned,,,,
cifar100_shot20_seed0_convnext_t_randaugment_seed2,RQ4,1,classification,A,cifar100,20-shot,randaugment,,convnext_t,0,,False,2,0,planned,,,,
cifar100_shot20_seed0_convnext_t_randaugment_seed3,RQ4,1,classification,A,cifar100,20-shot,randaugment,,convnext_t,0,,False,3,0,planned,,,,
cifar100_shot20_seed0_convnext_t_randaugment_seed4,RQ4,1,classification,A,cifar100,20-shot,randaugment,,convnext_t,0,,False,4,0,planned,,,,
cifar100_shot20_seed0_convnext_t_mixup_seed0,RQ4,1,classification,A,cifar100,20-shot,mixup,,convnext_t,0,,False,0,0,planned,,,,
cifar100_shot20_seed0_convnext_t_mixup_seed1,RQ4,1,classification,A,cifar100,20-shot,mixup,,convnext_t,0,,False,1,0,planned,,,,
cifar100_shot20_seed0_convnext_t_mixup_seed2,RQ4,1,classification,A,cifar100,20-shot,mixup,,convnext_t,0,,False,2,0,planned,,,,
cifar100_shot20_seed0_convnext_t_mixup_seed3,RQ4,1,classification,A,cifar100,20-shot,mixup,,convnext_t,0,,False,3,0,planned,,,,
cifar100_shot20_seed0_convnext_t_mixup_seed4,RQ4,1,classification,A,cifar100,20-shot,mixup,,convnext_t,0,,False,4,0,planned,,,,
cifar100_shot20_seed0_convnext_t_cutmix_seed0,RQ4,1,classification,A,cifar100,20-shot,cutmix,,convnext_t,0,,False,0,0,planned,,,,
cifar100_shot20_seed0_convnext_t_cutmix_seed1,RQ4,1,classification,A,cifar100,20-shot,cutmix,,convnext_t,0,,False,1,0,planned,,,,
cifar100_shot20_seed0_convnext_t_cutmix_seed2,RQ4,1,classification,A,cifar100,20-shot,cutmix,,convnext_t,0,,False,2,0,planned,,,,
cifar100_shot20_seed0_convnext_t_cutmix_seed3,RQ4,1,classification,A,cifar100,20-shot,cutmix,,convnext_t,0,,False,3,0,planned,,,,
cifar100_shot20_seed0_convnext_t_cutmix_seed4,RQ4,1,classification,A,cifar100,20-shot,cutmix,,convnext_t,0,,False,4,0,planned,,,,
cifar100_shot20_seed0_vit_b16_none_seed0,RQ2,1,classification,A,cifar100,20-shot,none,,vit_b16,0,,False,0,0,planned,,,,
cifar100_shot20_seed0_vit_b16_none_seed1,RQ2,1,classification,A,cifar100,20-shot,none,,vit_b16,0,,False,1,0,planned,,,,
cifar100_shot20_seed0_vit_b16_none_seed2,RQ2,1,classification,A,cifar100,20-shot,none,,vit_b16,0,,False,2,0,planned,,,,
cifar100_shot20_seed0_vit_b16_none_seed3,RQ2,1,classification,A,cifar100,20-shot,none,,vit_b16,0,,False,3,0,planned,,,,
cifar100_shot20_seed0_vit_b16_none_seed4,RQ2,1,classification,A,cifar100,20-shot,none,,vit_b16,0,,False,4,0,planned,,,,
cifar100_shot20_seed0_vit_b16_randaugment_seed0,RQ4,1,classification,A,cifar100,20-shot,randaugment,,vit_b16,0,,False,0,0,planned,,,,
cifar100_shot20_seed0_vit_b16_randaugment_seed1,RQ4,1,classification,A,cifar100,20-shot,randaugment,,vit_b16,0,,False,1,0,planned,,,,
cifar100_shot20_seed0_vit_b16_randaugment_seed2,RQ4,1,classification,A,cifar100,20-shot,randaugment,,vit_b16,0,,False,2,0,planned,,,,
cifar100_shot20_seed0_vit_b16_randaugment_seed3,RQ4,1,classification,A,cifar100,20-shot,randaugment,,vit_b16,0,,False,3,0,planned,,,,
cifar100_shot20_seed0_vit_b16_randaugment_seed4,RQ4,1,classification,A,cifar100,20-shot,randaugment,,vit_b16,0,,False,4,0,planned,,,,
cifar100_shot20_seed0_vit_b16_mixup_seed0,RQ4,1,classification,A,cifar100,20-shot,mixup,,vit_b16,0,,False,0,0,planned,,,,
cifar100_shot20_seed0_vit_b16_mixup_seed1,RQ4,1,classification,A,cifar100,20-shot,mixup,,vit_b16,0,,False,1,0,planned,,,,
cifar100_shot20_seed0_vit_b16_mixup_seed2,RQ4,1,classification,A,cifar100,20-shot,mixup,,vit_b16,0,,False,2,0,planned,,,,
cifar100_shot20_seed0_vit_b16_mixup_seed3,RQ4,1,classification,A,cifar100,20-shot,mixup,,vit_b16,0,,False,3,0,planned,,,,
cifar100_shot20_seed0_vit_b16_mixup_seed4,RQ4,1,classification,A,cifar100,20-shot,mixup,,vit_b16,0,,False,4,0,planned,,,,
cifar100_shot20_seed0_vit_b16_cutmix_seed0,RQ4,1,classification,A,cifar100,20-shot,cutmix,,vit_b16,0,,False,0,0,planned,,,,
cifar100_shot20_seed0_vit_b16_cutmix_seed1,RQ4,1,classification,A,cifar100,20-shot,cutmix,,vit_b16,0,,False,1,0,planned,,,,
cifar100_shot20_seed0_vit_b16_cutmix_seed2,RQ4,1,classification,A,cifar100,20-shot,cutmix,,vit_b16,0,,False,2,0,planned,,,,
cifar100_shot20_seed0_vit_b16_cutmix_seed3,RQ4,1,classification,A,cifar100,20-shot,cutmix,,vit_b16,0,,False,3,0,planned,,,,
cifar100_shot20_seed0_vit_b16_cutmix_seed4,RQ4,1,classification,A,cifar100,20-shot,cutmix,,vit_b16,0,,False,4,0,planned,,,,
cifar100_shot20_seed0_swin_t_none_seed0,RQ2,1,classification,A,cifar100,20-shot,none,,swin_t,0,,False,0,0,planned,,,,
cifar100_shot20_seed0_swin_t_none_seed1,RQ2,1,classification,A,cifar100,20-shot,none,,swin_t,0,,False,1,0,planned,,,,
cifar100_shot20_seed0_swin_t_none_seed2,RQ2,1,classification,A,cifar100,20-shot,none,,swin_t,0,,False,2,0,planned,,,,
cifar100_shot20_seed0_swin_t_none_seed3,RQ2,1,classification,A,cifar100,20-shot,none,,swin_t,0,,False,3,0,planned,,,,
cifar100_shot20_seed0_swin_t_none_seed4,RQ2,1,classification,A,cifar100,20-shot,none,,swin_t,0,,False,4,0,planned,,,,
cifar100_shot20_seed0_swin_t_randaugment_seed0,RQ4,1,classification,A,cifar100,20-shot,randaugment,,swin_t,0,,False,0,0,planned,,,,
cifar100_shot20_seed0_swin_t_randaugment_seed1,RQ4,1,classification,A,cifar100,20-shot,randaugment,,swin_t,0,,False,1,0,planned,,,,
cifar100_shot20_seed0_swin_t_randaugment_seed2,RQ4,1,classification,A,cifar100,20-shot,randaugment,,swin_t,0,,False,2,0,planned,,,,
cifar100_shot20_seed0_swin_t_randaugment_seed3,RQ4,1,classification,A,cifar100,20-shot,randaugment,,swin_t,0,,False,3,0,planned,,,,
cifar100_shot20_seed0_swin_t_randaugment_seed4,RQ4,1,classification,A,cifar100,20-shot,randaugment,,swin_t,0,,False,4,0,planned,,,,
cifar100_shot20_seed0_swin_t_mixup_seed0,RQ4,1,classification,A,cifar100,20-shot,mixup,,swin_t,0,,False,0,0,planned,,,,
cifar100_shot20_seed0_swin_t_mixup_seed1,RQ4,1,classification,A,cifar100,20-shot,mixup,,swin_t,0,,False,1,0,planned,,,,
cifar100_shot20_seed0_swin_t_mixup_seed2,RQ4,1,classification,A,cifar100,20-shot,mixup,,swin_t,0,,False,2,0,planned,,,,
cifar100_shot20_seed0_swin_t_mixup_seed3,RQ4,1,classification,A,cifar100,20-shot,mixup,,swin_t,0,,False,3,0,planned,,,,
cifar100_shot20_seed0_swin_t_mixup_seed4,RQ4,1,classification,A,cifar100,20-shot,mixup,,swin_t,0,,False,4,0,planned,,,,
cifar100_shot20_seed0_swin_t_cutmix_seed0,RQ4,1,classification,A,cifar100,20-shot,cutmix,,swin_t,0,,False,0,0,planned,,,,
cifar100_shot20_seed0_swin_t_cutmix_seed1,RQ4,1,classification,A,cifar100,20-shot,cutmix,,swin_t,0,,False,1,0,planned,,,,
cifar100_shot20_seed0_swin_t_cutmix_seed2,RQ4,1,classification,A,cifar100,20-shot,cutmix,,swin_t,0,,False,2,0,planned,,,,
cifar100_shot20_seed0_swin_t_cutmix_seed3,RQ4,1,classification,A,cifar100,20-shot,cutmix,,swin_t,0,,False,3,0,planned,,,,
cifar100_shot20_seed0_swin_t_cutmix_seed4,RQ4,1,classification,A,cifar100,20-shot,cutmix,,swin_t,0,,False,4,0,planned,,,,
cifar100_shot50_seed0_resnet50_none_seed0,RQ2,1,classification,A,cifar100,50-shot,none,,resnet50,0,,False,0,0,planned,,,,
cifar100_shot50_seed0_resnet50_none_seed1,RQ2,1,classification,A,cifar100,50-shot,none,,resnet50,0,,False,1,0,planned,,,,
cifar100_shot50_seed0_resnet50_none_seed2,RQ2,1,classification,A,cifar100,50-shot,none,,resnet50,0,,False,2,0,planned,,,,
cifar100_shot50_seed0_resnet50_none_seed3,RQ2,1,classification,A,cifar100,50-shot,none,,resnet50,0,,False,3,0,planned,,,,
cifar100_shot50_seed0_resnet50_none_seed4,RQ2,1,classification,A,cifar100,50-shot,none,,resnet50,0,,False,4,0,planned,,,,
cifar100_shot50_seed0_resnet50_randaugment_seed0,RQ4,1,classification,A,cifar100,50-shot,randaugment,,resnet50,0,,False,0,0,planned,,,,
cifar100_shot50_seed0_resnet50_randaugment_seed1,RQ4,1,classification,A,cifar100,50-shot,randaugment,,resnet50,0,,False,1,0,planned,,,,
cifar100_shot50_seed0_resnet50_randaugment_seed2,RQ4,1,classification,A,cifar100,50-shot,randaugment,,resnet50,0,,False,2,0,planned,,,,
cifar100_shot50_seed0_resnet50_randaugment_seed3,RQ4,1,classification,A,cifar100,50-shot,randaugment,,resnet50,0,,False,3,0,planned,,,,
cifar100_shot50_seed0_resnet50_randaugment_seed4,RQ4,1,classification,A,cifar100,50-shot,randaugment,,resnet50,0,,False,4,0,planned,,,,
cifar100_shot50_seed0_resnet50_mixup_seed0,RQ4,1,classification,A,cifar100,50-shot,mixup,,resnet50,0,,False,0,0,planned,,,,
cifar100_shot50_seed0_resnet50_mixup_seed1,RQ4,1,classification,A,cifar100,50-shot,mixup,,resnet50,0,,False,1,0,planned,,,,
cifar100_shot50_seed0_resnet50_mixup_seed2,RQ4,1,classification,A,cifar100,50-shot,mixup,,resnet50,0,,False,2,0,planned,,,,
cifar100_shot50_seed0_resnet50_mixup_seed3,RQ4,1,classification,A,cifar100,50-shot,mixup,,resnet50,0,,False,3,0,planned,,,,
cifar100_shot50_seed0_resnet50_mixup_seed4,RQ4,1,classification,A,cifar100,50-shot,mixup,,resnet50,0,,False,4,0,planned,,,,
cifar100_shot50_seed0_resnet50_cutmix_seed0,RQ4,1,classification,A,cifar100,50-shot,cutmix,,resnet50,0,,False,0,0,planned,,,,
cifar100_shot50_seed0_resnet50_cutmix_seed1,RQ4,1,classification,A,cifar100,50-shot,cutmix,,resnet50,0,,False,1,0,planned,,,,
cifar100_shot50_seed0_resnet50_cutmix_seed2,RQ4,1,classification,A,cifar100,50-shot,cutmix,,resnet50,0,,False,2,0,planned,,,,
cifar100_shot50_seed0_resnet50_cutmix_seed3,RQ4,1,classification,A,cifar100,50-shot,cutmix,,resnet50,0,,False,3,0,planned,,,,
cifar100_shot50_seed0_resnet50_cutmix_seed4,RQ4,1,classification,A,cifar100,50-shot,cutmix,,resnet50,0,,False,4,0,planned,,,,
cifar100_shot50_seed0_convnext_t_none_seed0,RQ2,1,classification,A,cifar100,50-shot,none,,convnext_t,0,,False,0,0,planned,,,,
cifar100_shot50_seed0_convnext_t_none_seed1,RQ2,1,classification,A,cifar100,50-shot,none,,convnext_t,0,,False,1,0,planned,,,,
cifar100_shot50_seed0_convnext_t_none_seed2,RQ2,1,classification,A,cifar100,50-shot,none,,convnext_t,0,,False,2,0,planned,,,,
cifar100_shot50_seed0_convnext_t_none_seed3,RQ2,1,classification,A,cifar100,50-shot,none,,convnext_t,0,,False,3,0,planned,,,,
cifar100_shot50_seed0_convnext_t_none_seed4,RQ2,1,classification,A,cifar100,50-shot,none,,convnext_t,0,,False,4,0,planned,,,,
cifar100_shot50_seed0_convnext_t_randaugment_seed0,RQ4,1,classification,A,cifar100,50-shot,randaugment,,convnext_t,0,,False,0,0,planned,,,,
cifar100_shot50_seed0_convnext_t_randaugment_seed1,RQ4,1,classification,A,cifar100,50-shot,randaugment,,convnext_t,0,,False,1,0,planned,,,,
cifar100_shot50_seed0_convnext_t_randaugment_seed2,RQ4,1,classification,A,cifar100,50-shot,randaugment,,convnext_t,0,,False,2,0,planned,,,,
cifar100_shot50_seed0_convnext_t_randaugment_seed3,RQ4,1,classification,A,cifar100,50-shot,randaugment,,convnext_t,0,,False,3,0,planned,,,,
cifar100_shot50_seed0_convnext_t_randaugment_seed4,RQ4,1,classification,A,cifar100,50-shot,randaugment,,convnext_t,0,,False,4,0,planned,,,,
cifar100_shot50_seed0_convnext_t_mixup_seed0,RQ4,1,classification,A,cifar100,50-shot,mixup,,convnext_t,0,,False,0,0,planned,,,,
cifar100_shot50_seed0_convnext_t_mixup_seed1,RQ4,1,classification,A,cifar100,50-shot,mixup,,convnext_t,0,,False,1,0,planned,,,,
cifar100_shot50_seed0_convnext_t_mixup_seed2,RQ4,1,classification,A,cifar100,50-shot,mixup,,convnext_t,0,,False,2,0,planned,,,,
cifar100_shot50_seed0_convnext_t_mixup_seed3,RQ4,1,classification,A,cifar100,50-shot,mixup,,convnext_t,0,,False,3,0,planned,,,,
cifar100_shot50_seed0_convnext_t_mixup_seed4,RQ4,1,classification,A,cifar100,50-shot,mixup,,convnext_t,0,,False,4,0,planned,,,,
cifar100_shot50_seed0_convnext_t_cutmix_seed0,RQ4,1,classification,A,cifar100,50-shot,cutmix,,convnext_t,0,,False,0,0,planned,,,,
cifar100_shot50_seed0_convnext_t_cutmix_seed1,RQ4,1,classification,A,cifar100,50-shot,cutmix,,convnext_t,0,,False,1,0,planned,,,,
cifar100_shot50_seed0_convnext_t_cutmix_seed2,RQ4,1,classification,A,cifar100,50-shot,cutmix,,convnext_t,0,,False,2,0,planned,,,,
cifar100_shot50_seed0_convnext_t_cutmix_seed3,RQ4,1,classification,A,cifar100,50-shot,cutmix,,convnext_t,0,,False,3,0,planned,,,,
cifar100_shot50_seed0_convnext_t_cutmix_seed4,RQ4,1,classification,A,cifar100,50-shot,cutmix,,convnext_t,0,,False,4,0,planned,,,,
cifar100_shot50_seed0_vit_b16_none_seed0,RQ2,1,classification,A,cifar100,50-shot,none,,vit_b16,0,,False,0,0,planned,,,,
cifar100_shot50_seed0_vit_b16_none_seed1,RQ2,1,classification,A,cifar100,50-shot,none,,vit_b16,0,,False,1,0,planned,,,,
cifar100_shot50_seed0_vit_b16_none_seed2,RQ2,1,classification,A,cifar100,50-shot,none,,vit_b16,0,,False,2,0,planned,,,,
cifar100_shot50_seed0_vit_b16_none_seed3,RQ2,1,classification,A,cifar100,50-shot,none,,vit_b16,0,,False,3,0,planned,,,,
cifar100_shot50_seed0_vit_b16_none_seed4,RQ2,1,classification,A,cifar100,50-shot,none,,vit_b16,0,,False,4,0,planned,,,,
cifar100_shot50_seed0_vit_b16_randaugment_seed0,RQ4,1,classification,A,cifar100,50-shot,randaugment,,vit_b16,0,,False,0,0,planned,,,,
cifar100_shot50_seed0_vit_b16_randaugment_seed1,RQ4,1,classification,A,cifar100,50-shot,randaugment,,vit_b16,0,,False,1,0,planned,,,,
cifar100_shot50_seed0_vit_b16_randaugment_seed2,RQ4,1,classification,A,cifar100,50-shot,randaugment,,vit_b16,0,,False,2,0,planned,,,,
cifar100_shot50_seed0_vit_b16_randaugment_seed3,RQ4,1,classification,A,cifar100,50-shot,randaugment,,vit_b16,0,,False,3,0,planned,,,,
cifar100_shot50_seed0_vit_b16_randaugment_seed4,RQ4,1,classification,A,cifar100,50-shot,randaugment,,vit_b16,0,,False,4,0,planned,,,,
cifar100_shot50_seed0_vit_b16_mixup_seed0,RQ4,1,classification,A,cifar100,50-shot,mixup,,vit_b16,0,,False,0,0,planned,,,,
cifar100_shot50_seed0_vit_b16_mixup_seed1,RQ4,1,classification,A,cifar100,50-shot,mixup,,vit_b16,0,,False,1,0,planned,,,,
cifar100_shot50_seed0_vit_b16_mixup_seed2,RQ4,1,classification,A,cifar100,50-shot,mixup,,vit_b16,0,,False,2,0,planned,,,,
cifar100_shot50_seed0_vit_b16_mixup_seed3,RQ4,1,classification,A,cifar100,50-shot,mixup,,vit_b16,0,,False,3,0,planned,,,,
cifar100_shot50_seed0_vit_b16_mixup_seed4,RQ4,1,classification,A,cifar100,50-shot,mixup,,vit_b16,0,,False,4,0,planned,,,,
cifar100_shot50_seed0_vit_b16_cutmix_seed0,RQ4,1,classification,A,cifar100,50-shot,cutmix,,vit_b16,0,,False,0,0,planned,,,,
cifar100_shot50_seed0_vit_b16_cutmix_seed1,RQ4,1,classification,A,cifar100,50-shot,cutmix,,vit_b16,0,,False,1,0,planned,,,,
cifar100_shot50_seed0_vit_b16_cutmix_seed2,RQ4,1,classification,A,cifar100,50-shot,cutmix,,vit_b16,0,,False,2,0,planned,,,,
cifar100_shot50_seed0_vit_b16_cutmix_seed3,RQ4,1,classification,A,cifar100,50-shot,cutmix,,vit_b16,0,,False,3,0,planned,,,,
cifar100_shot50_seed0_vit_b16_cutmix_seed4,RQ4,1,classification,A,cifar100,50-shot,cutmix,,vit_b16,0,,False,4,0,planned,,,,
cifar100_shot50_seed0_swin_t_none_seed0,RQ2,1,classification,A,cifar100,50-shot,none,,swin_t,0,,False,0,0,planned,,,,
cifar100_shot50_seed0_swin_t_none_seed1,RQ2,1,classification,A,cifar100,50-shot,none,,swin_t,0,,False,1,0,planned,,,,
cifar100_shot50_seed0_swin_t_none_seed2,RQ2,1,classification,A,cifar100,50-shot,none,,swin_t,0,,False,2,0,planned,,,,
cifar100_shot50_seed0_swin_t_none_seed3,RQ2,1,classification,A,cifar100,50-shot,none,,swin_t,0,,False,3,0,planned,,,,
cifar100_shot50_seed0_swin_t_none_seed4,RQ2,1,classification,A,cifar100,50-shot,none,,swin_t,0,,False,4,0,planned,,,,
cifar100_shot50_seed0_swin_t_randaugment_seed0,RQ4,1,classification,A,cifar100,50-shot,randaugment,,swin_t,0,,False,0,0,planned,,,,
cifar100_shot50_seed0_swin_t_randaugment_seed1,RQ4,1,classification,A,cifar100,50-shot,randaugment,,swin_t,0,,False,1,0,planned,,,,
cifar100_shot50_seed0_swin_t_randaugment_seed2,RQ4,1,classification,A,cifar100,50-shot,randaugment,,swin_t,0,,False,2,0,planned,,,,
cifar100_shot50_seed0_swin_t_randaugment_seed3,RQ4,1,classification,A,cifar100,50-shot,randaugment,,swin_t,0,,False,3,0,planned,,,,
cifar100_shot50_seed0_swin_t_randaugment_seed4,RQ4,1,classification,A,cifar100,50-shot,randaugment,,swin_t,0,,False,4,0,planned,,,,
cifar100_shot50_seed0_swin_t_mixup_seed0,RQ4,1,classification,A,cifar100,50-shot,mixup,,swin_t,0,,False,0,0,planned,,,,
cifar100_shot50_seed0_swin_t_mixup_seed1,RQ4,1,classification,A,cifar100,50-shot,mixup,,swin_t,0,,False,1,0,planned,,,,
cifar100_shot50_seed0_swin_t_mixup_seed2,RQ4,1,classification,A,cifar100,50-shot,mixup,,swin_t,0,,False,2,0,planned,,,,
cifar100_shot50_seed0_swin_t_mixup_seed3,RQ4,1,classification,A,cifar100,50-shot,mixup,,swin_t,0,,False,3,0,planned,,,,
cifar100_shot50_seed0_swin_t_mixup_seed4,RQ4,1,classification,A,cifar100,50-shot,mixup,,swin_t,0,,False,4,0,planned,,,,
cifar100_shot50_seed0_swin_t_cutmix_seed0,RQ4,1,classification,A,cifar100,50-shot,cutmix,,swin_t,0,,False,0,0,planned,,,,
cifar100_shot50_seed0_swin_t_cutmix_seed1,RQ4,1,classification,A,cifar100,50-shot,cutmix,,swin_t,0,,False,1,0,planned,,,,
cifar100_shot50_seed0_swin_t_cutmix_seed2,RQ4,1,classification,A,cifar100,50-shot,cutmix,,swin_t,0,,False,2,0,planned,,,,
cifar100_shot50_seed0_swin_t_cutmix_seed3,RQ4,1,classification,A,cifar100,50-shot,cutmix,,swin_t,0,,False,3,0,planned,,,,
cifar100_shot50_seed0_swin_t_cutmix_seed4,RQ4,1,classification,A,cifar100,50-shot,cutmix,,swin_t,0,,False,4,0,planned,,,,
cifar100lt_imb100_seed0_resnet50_none_seed0,RQ4,1,classification,B,cifar100_lt,imb100,none,,resnet50,0,,False,0,0,planned,,,,
cifar100lt_imb100_seed0_resnet50_none_seed1,RQ4,1,classification,B,cifar100_lt,imb100,none,,resnet50,0,,False,1,0,planned,,,,
cifar100lt_imb100_seed0_resnet50_none_seed2,RQ4,1,classification,B,cifar100_lt,imb100,none,,resnet50,0,,False,2,0,planned,,,,
cifar100lt_imb100_seed0_resnet50_none_seed3,RQ4,1,classification,B,cifar100_lt,imb100,none,,resnet50,0,,False,3,0,planned,,,,
cifar100lt_imb100_seed0_resnet50_none_seed4,RQ4,1,classification,B,cifar100_lt,imb100,none,,resnet50,0,,False,4,0,planned,,,,
cifar100lt_imb100_seed0_resnet50_none_rw_seed0,RQ4,1,classification,B,cifar100_lt,imb100,none,,resnet50,0,,True,0,0,planned,,,,
cifar100lt_imb100_seed0_resnet50_none_rw_seed1,RQ4,1,classification,B,cifar100_lt,imb100,none,,resnet50,0,,True,1,0,planned,,,,
cifar100lt_imb100_seed0_resnet50_none_rw_seed2,RQ4,1,classification,B,cifar100_lt,imb100,none,,resnet50,0,,True,2,0,planned,,,,
cifar100lt_imb100_seed0_resnet50_none_rw_seed3,RQ4,1,classification,B,cifar100_lt,imb100,none,,resnet50,0,,True,3,0,planned,,,,
cifar100lt_imb100_seed0_resnet50_none_rw_seed4,RQ4,1,classification,B,cifar100_lt,imb100,none,,resnet50,0,,True,4,0,planned,,,,
cifar100lt_imb100_seed0_resnet50_randaugment_seed0,RQ4,1,classification,B,cifar100_lt,imb100,randaugment,,resnet50,0,,False,0,0,planned,,,,
cifar100lt_imb100_seed0_resnet50_randaugment_seed1,RQ4,1,classification,B,cifar100_lt,imb100,randaugment,,resnet50,0,,False,1,0,planned,,,,
cifar100lt_imb100_seed0_resnet50_randaugment_seed2,RQ4,1,classification,B,cifar100_lt,imb100,randaugment,,resnet50,0,,False,2,0,planned,,,,
cifar100lt_imb100_seed0_resnet50_randaugment_seed3,RQ4,1,classification,B,cifar100_lt,imb100,randaugment,,resnet50,0,,False,3,0,planned,,,,
cifar100lt_imb100_seed0_resnet50_randaugment_seed4,RQ4,1,classification,B,cifar100_lt,imb100,randaugment,,resnet50,0,,False,4,0,planned,,,,
cifar100lt_imb100_seed0_resnet50_mixup_seed0,RQ4,1,classification,B,cifar100_lt,imb100,mixup,,resnet50,0,,False,0,0,planned,,,,
cifar100lt_imb100_seed0_resnet50_mixup_seed1,RQ4,1,classification,B,cifar100_lt,imb100,mixup,,resnet50,0,,False,1,0,planned,,,,
cifar100lt_imb100_seed0_resnet50_mixup_seed2,RQ4,1,classification,B,cifar100_lt,imb100,mixup,,resnet50,0,,False,2,0,planned,,,,
cifar100lt_imb100_seed0_resnet50_mixup_seed3,RQ4,1,classification,B,cifar100_lt,imb100,mixup,,resnet50,0,,False,3,0,planned,,,,
cifar100lt_imb100_seed0_resnet50_mixup_seed4,RQ4,1,classification,B,cifar100_lt,imb100,mixup,,resnet50,0,,False,4,0,planned,,,,
cifar100lt_imb100_seed0_resnet50_cutmix_seed0,RQ4,1,classification,B,cifar100_lt,imb100,cutmix,,resnet50,0,,False,0,0,planned,,,,
cifar100lt_imb100_seed0_resnet50_cutmix_seed1,RQ4,1,classification,B,cifar100_lt,imb100,cutmix,,resnet50,0,,False,1,0,planned,,,,
cifar100lt_imb100_seed0_resnet50_cutmix_seed2,RQ4,1,classification,B,cifar100_lt,imb100,cutmix,,resnet50,0,,False,2,0,planned,,,,
cifar100lt_imb100_seed0_resnet50_cutmix_seed3,RQ4,1,classification,B,cifar100_lt,imb100,cutmix,,resnet50,0,,False,3,0,planned,,,,
cifar100lt_imb100_seed0_resnet50_cutmix_seed4,RQ4,1,classification,B,cifar100_lt,imb100,cutmix,,resnet50,0,,False,4,0,planned,,,,
cifar100lt_imb100_seed0_convnext_t_none_seed0,RQ4,1,classification,B,cifar100_lt,imb100,none,,convnext_t,0,,False,0,0,planned,,,,
cifar100lt_imb100_seed0_convnext_t_none_seed1,RQ4,1,classification,B,cifar100_lt,imb100,none,,convnext_t,0,,False,1,0,planned,,,,
cifar100lt_imb100_seed0_convnext_t_none_seed2,RQ4,1,classification,B,cifar100_lt,imb100,none,,convnext_t,0,,False,2,0,planned,,,,
cifar100lt_imb100_seed0_convnext_t_none_seed3,RQ4,1,classification,B,cifar100_lt,imb100,none,,convnext_t,0,,False,3,0,planned,,,,
cifar100lt_imb100_seed0_convnext_t_none_seed4,RQ4,1,classification,B,cifar100_lt,imb100,none,,convnext_t,0,,False,4,0,planned,,,,
cifar100lt_imb100_seed0_convnext_t_none_rw_seed0,RQ4,1,classification,B,cifar100_lt,imb100,none,,convnext_t,0,,True,0,0,planned,,,,
cifar100lt_imb100_seed0_convnext_t_none_rw_seed1,RQ4,1,classification,B,cifar100_lt,imb100,none,,convnext_t,0,,True,1,0,planned,,,,
cifar100lt_imb100_seed0_convnext_t_none_rw_seed2,RQ4,1,classification,B,cifar100_lt,imb100,none,,convnext_t,0,,True,2,0,planned,,,,
cifar100lt_imb100_seed0_convnext_t_none_rw_seed3,RQ4,1,classification,B,cifar100_lt,imb100,none,,convnext_t,0,,True,3,0,planned,,,,
cifar100lt_imb100_seed0_convnext_t_none_rw_seed4,RQ4,1,classification,B,cifar100_lt,imb100,none,,convnext_t,0,,True,4,0,planned,,,,
cifar100lt_imb100_seed0_convnext_t_randaugment_seed0,RQ4,1,classification,B,cifar100_lt,imb100,randaugment,,convnext_t,0,,False,0,0,planned,,,,
cifar100lt_imb100_seed0_convnext_t_randaugment_seed1,RQ4,1,classification,B,cifar100_lt,imb100,randaugment,,convnext_t,0,,False,1,0,planned,,,,
cifar100lt_imb100_seed0_convnext_t_randaugment_seed2,RQ4,1,classification,B,cifar100_lt,imb100,randaugment,,convnext_t,0,,False,2,0,planned,,,,
cifar100lt_imb100_seed0_convnext_t_randaugment_seed3,RQ4,1,classification,B,cifar100_lt,imb100,randaugment,,convnext_t,0,,False,3,0,planned,,,,
cifar100lt_imb100_seed0_convnext_t_randaugment_seed4,RQ4,1,classification,B,cifar100_lt,imb100,randaugment,,convnext_t,0,,False,4,0,planned,,,,
cifar100lt_imb100_seed0_convnext_t_mixup_seed0,RQ4,1,classification,B,cifar100_lt,imb100,mixup,,convnext_t,0,,False,0,0,planned,,,,
cifar100lt_imb100_seed0_convnext_t_mixup_seed1,RQ4,1,classification,B,cifar100_lt,imb100,mixup,,convnext_t,0,,False,1,0,planned,,,,
cifar100lt_imb100_seed0_convnext_t_mixup_seed2,RQ4,1,classification,B,cifar100_lt,imb100,mixup,,convnext_t,0,,False,2,0,planned,,,,
cifar100lt_imb100_seed0_convnext_t_mixup_seed3,RQ4,1,classification,B,cifar100_lt,imb100,mixup,,convnext_t,0,,False,3,0,planned,,,,
cifar100lt_imb100_seed0_convnext_t_mixup_seed4,RQ4,1,classification,B,cifar100_lt,imb100,mixup,,convnext_t,0,,False,4,0,planned,,,,
cifar100lt_imb100_seed0_convnext_t_cutmix_seed0,RQ4,1,classification,B,cifar100_lt,imb100,cutmix,,convnext_t,0,,False,0,0,planned,,,,
cifar100lt_imb100_seed0_convnext_t_cutmix_seed1,RQ4,1,classification,B,cifar100_lt,imb100,cutmix,,convnext_t,0,,False,1,0,planned,,,,
cifar100lt_imb100_seed0_convnext_t_cutmix_seed2,RQ4,1,classification,B,cifar100_lt,imb100,cutmix,,convnext_t,0,,False,2,0,planned,,,,
cifar100lt_imb100_seed0_convnext_t_cutmix_seed3,RQ4,1,classification,B,cifar100_lt,imb100,cutmix,,convnext_t,0,,False,3,0,planned,,,,
cifar100lt_imb100_seed0_convnext_t_cutmix_seed4,RQ4,1,classification,B,cifar100_lt,imb100,cutmix,,convnext_t,0,,False,4,0,planned,,,,
cifar100lt_imb100_seed0_vit_b16_none_seed0,RQ4,1,classification,B,cifar100_lt,imb100,none,,vit_b16,0,,False,0,0,planned,,,,
cifar100lt_imb100_seed0_vit_b16_none_seed1,RQ4,1,classification,B,cifar100_lt,imb100,none,,vit_b16,0,,False,1,0,planned,,,,
cifar100lt_imb100_seed0_vit_b16_none_seed2,RQ4,1,classification,B,cifar100_lt,imb100,none,,vit_b16,0,,False,2,0,planned,,,,
cifar100lt_imb100_seed0_vit_b16_none_seed3,RQ4,1,classification,B,cifar100_lt,imb100,none,,vit_b16,0,,False,3,0,planned,,,,
cifar100lt_imb100_seed0_vit_b16_none_seed4,RQ4,1,classification,B,cifar100_lt,imb100,none,,vit_b16,0,,False,4,0,planned,,,,
cifar100lt_imb100_seed0_vit_b16_none_rw_seed0,RQ4,1,classification,B,cifar100_lt,imb100,none,,vit_b16,0,,True,0,0,planned,,,,
cifar100lt_imb100_seed0_vit_b16_none_rw_seed1,RQ4,1,classification,B,cifar100_lt,imb100,none,,vit_b16,0,,True,1,0,planned,,,,
cifar100lt_imb100_seed0_vit_b16_none_rw_seed2,RQ4,1,classification,B,cifar100_lt,imb100,none,,vit_b16,0,,True,2,0,planned,,,,
cifar100lt_imb100_seed0_vit_b16_none_rw_seed3,RQ4,1,classification,B,cifar100_lt,imb100,none,,vit_b16,0,,True,3,0,planned,,,,
cifar100lt_imb100_seed0_vit_b16_none_rw_seed4,RQ4,1,classification,B,cifar100_lt,imb100,none,,vit_b16,0,,True,4,0,planned,,,,
cifar100lt_imb100_seed0_vit_b16_randaugment_seed0,RQ4,1,classification,B,cifar100_lt,imb100,randaugment,,vit_b16,0,,False,0,0,planned,,,,
cifar100lt_imb100_seed0_vit_b16_randaugment_seed1,RQ4,1,classification,B,cifar100_lt,imb100,randaugment,,vit_b16,0,,False,1,0,planned,,,,
cifar100lt_imb100_seed0_vit_b16_randaugment_seed2,RQ4,1,classification,B,cifar100_lt,imb100,randaugment,,vit_b16,0,,False,2,0,planned,,,,
cifar100lt_imb100_seed0_vit_b16_randaugment_seed3,RQ4,1,classification,B,cifar100_lt,imb100,randaugment,,vit_b16,0,,False,3,0,planned,,,,
cifar100lt_imb100_seed0_vit_b16_randaugment_seed4,RQ4,1,classification,B,cifar100_lt,imb100,randaugment,,vit_b16,0,,False,4,0,planned,,,,
cifar100lt_imb100_seed0_vit_b16_mixup_seed0,RQ4,1,classification,B,cifar100_lt,imb100,mixup,,vit_b16,0,,False,0,0,planned,,,,
cifar100lt_imb100_seed0_vit_b16_mixup_seed1,RQ4,1,classification,B,cifar100_lt,imb100,mixup,,vit_b16,0,,False,1,0,planned,,,,
cifar100lt_imb100_seed0_vit_b16_mixup_seed2,RQ4,1,classification,B,cifar100_lt,imb100,mixup,,vit_b16,0,,False,2,0,planned,,,,
cifar100lt_imb100_seed0_vit_b16_mixup_seed3,RQ4,1,classification,B,cifar100_lt,imb100,mixup,,vit_b16,0,,False,3,0,planned,,,,
cifar100lt_imb100_seed0_vit_b16_mixup_seed4,RQ4,1,classification,B,cifar100_lt,imb100,mixup,,vit_b16,0,,False,4,0,planned,,,,
cifar100lt_imb100_seed0_vit_b16_cutmix_seed0,RQ4,1,classification,B,cifar100_lt,imb100,cutmix,,vit_b16,0,,False,0,0,planned,,,,
cifar100lt_imb100_seed0_vit_b16_cutmix_seed1,RQ4,1,classification,B,cifar100_lt,imb100,cutmix,,vit_b16,0,,False,1,0,planned,,,,
cifar100lt_imb100_seed0_vit_b16_cutmix_seed2,RQ4,1,classification,B,cifar100_lt,imb100,cutmix,,vit_b16,0,,False,2,0,planned,,,,
cifar100lt_imb100_seed0_vit_b16_cutmix_seed3,RQ4,1,classification,B,cifar100_lt,imb100,cutmix,,vit_b16,0,,False,3,0,planned,,,,
cifar100lt_imb100_seed0_vit_b16_cutmix_seed4,RQ4,1,classification,B,cifar100_lt,imb100,cutmix,,vit_b16,0,,False,4,0,planned,,,,
cifar100lt_imb100_seed0_swin_t_none_seed0,RQ4,1,classification,B,cifar100_lt,imb100,none,,swin_t,0,,False,0,0,planned,,,,
cifar100lt_imb100_seed0_swin_t_none_seed1,RQ4,1,classification,B,cifar100_lt,imb100,none,,swin_t,0,,False,1,0,planned,,,,
cifar100lt_imb100_seed0_swin_t_none_seed2,RQ4,1,classification,B,cifar100_lt,imb100,none,,swin_t,0,,False,2,0,planned,,,,
cifar100lt_imb100_seed0_swin_t_none_seed3,RQ4,1,classification,B,cifar100_lt,imb100,none,,swin_t,0,,False,3,0,planned,,,,
cifar100lt_imb100_seed0_swin_t_none_seed4,RQ4,1,classification,B,cifar100_lt,imb100,none,,swin_t,0,,False,4,0,planned,,,,
cifar100lt_imb100_seed0_swin_t_none_rw_seed0,RQ4,1,classification,B,cifar100_lt,imb100,none,,swin_t,0,,True,0,0,planned,,,,
cifar100lt_imb100_seed0_swin_t_none_rw_seed1,RQ4,1,classification,B,cifar100_lt,imb100,none,,swin_t,0,,True,1,0,planned,,,,
cifar100lt_imb100_seed0_swin_t_none_rw_seed2,RQ4,1,classification,B,cifar100_lt,imb100,none,,swin_t,0,,True,2,0,planned,,,,
cifar100lt_imb100_seed0_swin_t_none_rw_seed3,RQ4,1,classification,B,cifar100_lt,imb100,none,,swin_t,0,,True,3,0,planned,,,,
cifar100lt_imb100_seed0_swin_t_none_rw_seed4,RQ4,1,classification,B,cifar100_lt,imb100,none,,swin_t,0,,True,4,0,planned,,,,
cifar100lt_imb100_seed0_swin_t_randaugment_seed0,RQ4,1,classification,B,cifar100_lt,imb100,randaugment,,swin_t,0,,False,0,0,planned,,,,
cifar100lt_imb100_seed0_swin_t_randaugment_seed1,RQ4,1,classification,B,cifar100_lt,imb100,randaugment,,swin_t,0,,False,1,0,planned,,,,
cifar100lt_imb100_seed0_swin_t_randaugment_seed2,RQ4,1,classification,B,cifar100_lt,imb100,randaugment,,swin_t,0,,False,2,0,planned,,,,
cifar100lt_imb100_seed0_swin_t_randaugment_seed3,RQ4,1,classification,B,cifar100_lt,imb100,randaugment,,swin_t,0,,False,3,0,planned,,,,
cifar100lt_imb100_seed0_swin_t_randaugment_seed4,RQ4,1,classification,B,cifar100_lt,imb100,randaugment,,swin_t,0,,False,4,0,planned,,,,
cifar100lt_imb100_seed0_swin_t_mixup_seed0,RQ4,1,classification,B,cifar100_lt,imb100,mixup,,swin_t,0,,False,0,0,planned,,,,
cifar100lt_imb100_seed0_swin_t_mixup_seed1,RQ4,1,classification,B,cifar100_lt,imb100,mixup,,swin_t,0,,False,1,0,planned,,,,
cifar100lt_imb100_seed0_swin_t_mixup_seed2,RQ4,1,classification,B,cifar100_lt,imb100,mixup,,swin_t,0,,False,2,0,planned,,,,
cifar100lt_imb100_seed0_swin_t_mixup_seed3,RQ4,1,classification,B,cifar100_lt,imb100,mixup,,swin_t,0,,False,3,0,planned,,,,
cifar100lt_imb100_seed0_swin_t_mixup_seed4,RQ4,1,classification,B,cifar100_lt,imb100,mixup,,swin_t,0,,False,4,0,planned,,,,
cifar100lt_imb100_seed0_swin_t_cutmix_seed0,RQ4,1,classification,B,cifar100_lt,imb100,cutmix,,swin_t,0,,False,0,0,planned,,,,
cifar100lt_imb100_seed0_swin_t_cutmix_seed1,RQ4,1,classification,B,cifar100_lt,imb100,cutmix,,swin_t,0,,False,1,0,planned,,,,
cifar100lt_imb100_seed0_swin_t_cutmix_seed2,RQ4,1,classification,B,cifar100_lt,imb100,cutmix,,swin_t,0,,False,2,0,planned,,,,
cifar100lt_imb100_seed0_swin_t_cutmix_seed3,RQ4,1,classification,B,cifar100_lt,imb100,cutmix,,swin_t,0,,False,3,0,planned,,,,
cifar100lt_imb100_seed0_swin_t_cutmix_seed4,RQ4,1,classification,B,cifar100_lt,imb100,cutmix,,swin_t,0,,False,4,0,planned,,,,
cifar100lt_imb50_seed0_resnet50_none_seed0,RQ4,1,classification,B,cifar100_lt,imb50,none,,resnet50,0,,False,0,0,planned,,,,
cifar100lt_imb50_seed0_resnet50_none_seed1,RQ4,1,classification,B,cifar100_lt,imb50,none,,resnet50,0,,False,1,0,planned,,,,
cifar100lt_imb50_seed0_resnet50_none_seed2,RQ4,1,classification,B,cifar100_lt,imb50,none,,resnet50,0,,False,2,0,planned,,,,
cifar100lt_imb50_seed0_resnet50_none_seed3,RQ4,1,classification,B,cifar100_lt,imb50,none,,resnet50,0,,False,3,0,planned,,,,
cifar100lt_imb50_seed0_resnet50_none_seed4,RQ4,1,classification,B,cifar100_lt,imb50,none,,resnet50,0,,False,4,0,planned,,,,
cifar100lt_imb50_seed0_resnet50_none_rw_seed0,RQ4,1,classification,B,cifar100_lt,imb50,none,,resnet50,0,,True,0,0,planned,,,,
cifar100lt_imb50_seed0_resnet50_none_rw_seed1,RQ4,1,classification,B,cifar100_lt,imb50,none,,resnet50,0,,True,1,0,planned,,,,
cifar100lt_imb50_seed0_resnet50_none_rw_seed2,RQ4,1,classification,B,cifar100_lt,imb50,none,,resnet50,0,,True,2,0,planned,,,,
cifar100lt_imb50_seed0_resnet50_none_rw_seed3,RQ4,1,classification,B,cifar100_lt,imb50,none,,resnet50,0,,True,3,0,planned,,,,
cifar100lt_imb50_seed0_resnet50_none_rw_seed4,RQ4,1,classification,B,cifar100_lt,imb50,none,,resnet50,0,,True,4,0,planned,,,,
cifar100lt_imb50_seed0_resnet50_randaugment_seed0,RQ4,1,classification,B,cifar100_lt,imb50,randaugment,,resnet50,0,,False,0,0,planned,,,,
cifar100lt_imb50_seed0_resnet50_randaugment_seed1,RQ4,1,classification,B,cifar100_lt,imb50,randaugment,,resnet50,0,,False,1,0,planned,,,,
cifar100lt_imb50_seed0_resnet50_randaugment_seed2,RQ4,1,classification,B,cifar100_lt,imb50,randaugment,,resnet50,0,,False,2,0,planned,,,,
cifar100lt_imb50_seed0_resnet50_randaugment_seed3,RQ4,1,classification,B,cifar100_lt,imb50,randaugment,,resnet50,0,,False,3,0,planned,,,,
cifar100lt_imb50_seed0_resnet50_randaugment_seed4,RQ4,1,classification,B,cifar100_lt,imb50,randaugment,,resnet50,0,,False,4,0,planned,,,,
cifar100lt_imb50_seed0_resnet50_mixup_seed0,RQ4,1,classification,B,cifar100_lt,imb50,mixup,,resnet50,0,,False,0,0,planned,,,,
cifar100lt_imb50_seed0_resnet50_mixup_seed1,RQ4,1,classification,B,cifar100_lt,imb50,mixup,,resnet50,0,,False,1,0,planned,,,,
cifar100lt_imb50_seed0_resnet50_mixup_seed2,RQ4,1,classification,B,cifar100_lt,imb50,mixup,,resnet50,0,,False,2,0,planned,,,,
cifar100lt_imb50_seed0_resnet50_mixup_seed3,RQ4,1,classification,B,cifar100_lt,imb50,mixup,,resnet50,0,,False,3,0,planned,,,,
cifar100lt_imb50_seed0_resnet50_mixup_seed4,RQ4,1,classification,B,cifar100_lt,imb50,mixup,,resnet50,0,,False,4,0,planned,,,,
cifar100lt_imb50_seed0_resnet50_cutmix_seed0,RQ4,1,classification,B,cifar100_lt,imb50,cutmix,,resnet50,0,,False,0,0,planned,,,,
cifar100lt_imb50_seed0_resnet50_cutmix_seed1,RQ4,1,classification,B,cifar100_lt,imb50,cutmix,,resnet50,0,,False,1,0,planned,,,,
cifar100lt_imb50_seed0_resnet50_cutmix_seed2,RQ4,1,classification,B,cifar100_lt,imb50,cutmix,,resnet50,0,,False,2,0,planned,,,,
cifar100lt_imb50_seed0_resnet50_cutmix_seed3,RQ4,1,classification,B,cifar100_lt,imb50,cutmix,,resnet50,0,,False,3,0,planned,,,,
cifar100lt_imb50_seed0_resnet50_cutmix_seed4,RQ4,1,classification,B,cifar100_lt,imb50,cutmix,,resnet50,0,,False,4,0,planned,,,,
cifar100lt_imb50_seed0_convnext_t_none_seed0,RQ4,1,classification,B,cifar100_lt,imb50,none,,convnext_t,0,,False,0,0,planned,,,,
cifar100lt_imb50_seed0_convnext_t_none_seed1,RQ4,1,classification,B,cifar100_lt,imb50,none,,convnext_t,0,,False,1,0,planned,,,,
cifar100lt_imb50_seed0_convnext_t_none_seed2,RQ4,1,classification,B,cifar100_lt,imb50,none,,convnext_t,0,,False,2,0,planned,,,,
cifar100lt_imb50_seed0_convnext_t_none_seed3,RQ4,1,classification,B,cifar100_lt,imb50,none,,convnext_t,0,,False,3,0,planned,,,,
cifar100lt_imb50_seed0_convnext_t_none_seed4,RQ4,1,classification,B,cifar100_lt,imb50,none,,convnext_t,0,,False,4,0,planned,,,,
cifar100lt_imb50_seed0_convnext_t_none_rw_seed0,RQ4,1,classification,B,cifar100_lt,imb50,none,,convnext_t,0,,True,0,0,planned,,,,
cifar100lt_imb50_seed0_convnext_t_none_rw_seed1,RQ4,1,classification,B,cifar100_lt,imb50,none,,convnext_t,0,,True,1,0,planned,,,,
cifar100lt_imb50_seed0_convnext_t_none_rw_seed2,RQ4,1,classification,B,cifar100_lt,imb50,none,,convnext_t,0,,True,2,0,planned,,,,
cifar100lt_imb50_seed0_convnext_t_none_rw_seed3,RQ4,1,classification,B,cifar100_lt,imb50,none,,convnext_t,0,,True,3,0,planned,,,,
cifar100lt_imb50_seed0_convnext_t_none_rw_seed4,RQ4,1,classification,B,cifar100_lt,imb50,none,,convnext_t,0,,True,4,0,planned,,,,
cifar100lt_imb50_seed0_convnext_t_randaugment_seed0,RQ4,1,classification,B,cifar100_lt,imb50,randaugment,,convnext_t,0,,False,0,0,planned,,,,
cifar100lt_imb50_seed0_convnext_t_randaugment_seed1,RQ4,1,classification,B,cifar100_lt,imb50,randaugment,,convnext_t,0,,False,1,0,planned,,,,
cifar100lt_imb50_seed0_convnext_t_randaugment_seed2,RQ4,1,classification,B,cifar100_lt,imb50,randaugment,,convnext_t,0,,False,2,0,planned,,,,
cifar100lt_imb50_seed0_convnext_t_randaugment_seed3,RQ4,1,classification,B,cifar100_lt,imb50,randaugment,,convnext_t,0,,False,3,0,planned,,,,
cifar100lt_imb50_seed0_convnext_t_randaugment_seed4,RQ4,1,classification,B,cifar100_lt,imb50,randaugment,,convnext_t,0,,False,4,0,planned,,,,
cifar100lt_imb50_seed0_convnext_t_mixup_seed0,RQ4,1,classification,B,cifar100_lt,imb50,mixup,,convnext_t,0,,False,0,0,planned,,,,
cifar100lt_imb50_seed0_convnext_t_mixup_seed1,RQ4,1,classification,B,cifar100_lt,imb50,mixup,,convnext_t,0,,False,1,0,planned,,,,
cifar100lt_imb50_seed0_convnext_t_mixup_seed2,RQ4,1,classification,B,cifar100_lt,imb50,mixup,,convnext_t,0,,False,2,0,planned,,,,
cifar100lt_imb50_seed0_convnext_t_mixup_seed3,RQ4,1,classification,B,cifar100_lt,imb50,mixup,,convnext_t,0,,False,3,0,planned,,,,
cifar100lt_imb50_seed0_convnext_t_mixup_seed4,RQ4,1,classification,B,cifar100_lt,imb50,mixup,,convnext_t,0,,False,4,0,planned,,,,
cifar100lt_imb50_seed0_convnext_t_cutmix_seed0,RQ4,1,classification,B,cifar100_lt,imb50,cutmix,,convnext_t,0,,False,0,0,planned,,,,
cifar100lt_imb50_seed0_convnext_t_cutmix_seed1,RQ4,1,classification,B,cifar100_lt,imb50,cutmix,,convnext_t,0,,False,1,0,planned,,,,
cifar100lt_imb50_seed0_convnext_t_cutmix_seed2,RQ4,1,classification,B,cifar100_lt,imb50,cutmix,,convnext_t,0,,False,2,0,planned,,,,
cifar100lt_imb50_seed0_convnext_t_cutmix_seed3,RQ4,1,classification,B,cifar100_lt,imb50,cutmix,,convnext_t,0,,False,3,0,planned,,,,
cifar100lt_imb50_seed0_convnext_t_cutmix_seed4,RQ4,1,classification,B,cifar100_lt,imb50,cutmix,,convnext_t,0,,False,4,0,planned,,,,
cifar100lt_imb50_seed0_vit_b16_none_seed0,RQ4,1,classification,B,cifar100_lt,imb50,none,,vit_b16,0,,False,0,0,planned,,,,
cifar100lt_imb50_seed0_vit_b16_none_seed1,RQ4,1,classification,B,cifar100_lt,imb50,none,,vit_b16,0,,False,1,0,planned,,,,
cifar100lt_imb50_seed0_vit_b16_none_seed2,RQ4,1,classification,B,cifar100_lt,imb50,none,,vit_b16,0,,False,2,0,planned,,,,
cifar100lt_imb50_seed0_vit_b16_none_seed3,RQ4,1,classification,B,cifar100_lt,imb50,none,,vit_b16,0,,False,3,0,planned,,,,
cifar100lt_imb50_seed0_vit_b16_none_seed4,RQ4,1,classification,B,cifar100_lt,imb50,none,,vit_b16,0,,False,4,0,planned,,,,
cifar100lt_imb50_seed0_vit_b16_none_rw_seed0,RQ4,1,classification,B,cifar100_lt,imb50,none,,vit_b16,0,,True,0,0,planned,,,,
cifar100lt_imb50_seed0_vit_b16_none_rw_seed1,RQ4,1,classification,B,cifar100_lt,imb50,none,,vit_b16,0,,True,1,0,planned,,,,
cifar100lt_imb50_seed0_vit_b16_none_rw_seed2,RQ4,1,classification,B,cifar100_lt,imb50,none,,vit_b16,0,,True,2,0,planned,,,,
cifar100lt_imb50_seed0_vit_b16_none_rw_seed3,RQ4,1,classification,B,cifar100_lt,imb50,none,,vit_b16,0,,True,3,0,planned,,,,
cifar100lt_imb50_seed0_vit_b16_none_rw_seed4,RQ4,1,classification,B,cifar100_lt,imb50,none,,vit_b16,0,,True,4,0,planned,,,,
cifar100lt_imb50_seed0_vit_b16_randaugment_seed0,RQ4,1,classification,B,cifar100_lt,imb50,randaugment,,vit_b16,0,,False,0,0,planned,,,,
cifar100lt_imb50_seed0_vit_b16_randaugment_seed1,RQ4,1,classification,B,cifar100_lt,imb50,randaugment,,vit_b16,0,,False,1,0,planned,,,,
cifar100lt_imb50_seed0_vit_b16_randaugment_seed2,RQ4,1,classification,B,cifar100_lt,imb50,randaugment,,vit_b16,0,,False,2,0,planned,,,,
cifar100lt_imb50_seed0_vit_b16_randaugment_seed3,RQ4,1,classification,B,cifar100_lt,imb50,randaugment,,vit_b16,0,,False,3,0,planned,,,,
cifar100lt_imb50_seed0_vit_b16_randaugment_seed4,RQ4,1,classification,B,cifar100_lt,imb50,randaugment,,vit_b16,0,,False,4,0,planned,,,,
cifar100lt_imb50_seed0_vit_b16_mixup_seed0,RQ4,1,classification,B,cifar100_lt,imb50,mixup,,vit_b16,0,,False,0,0,planned,,,,
cifar100lt_imb50_seed0_vit_b16_mixup_seed1,RQ4,1,classification,B,cifar100_lt,imb50,mixup,,vit_b16,0,,False,1,0,planned,,,,
cifar100lt_imb50_seed0_vit_b16_mixup_seed2,RQ4,1,classification,B,cifar100_lt,imb50,mixup,,vit_b16,0,,False,2,0,planned,,,,
cifar100lt_imb50_seed0_vit_b16_mixup_seed3,RQ4,1,classification,B,cifar100_lt,imb50,mixup,,vit_b16,0,,False,3,0,planned,,,,
cifar100lt_imb50_seed0_vit_b16_mixup_seed4,RQ4,1,classification,B,cifar100_lt,imb50,mixup,,vit_b16,0,,False,4,0,planned,,,,
cifar100lt_imb50_seed0_vit_b16_cutmix_seed0,RQ4,1,classification,B,cifar100_lt,imb50,cutmix,,vit_b16,0,,False,0,0,planned,,,,
cifar100lt_imb50_seed0_vit_b16_cutmix_seed1,RQ4,1,classification,B,cifar100_lt,imb50,cutmix,,vit_b16,0,,False,1,0,planned,,,,
cifar100lt_imb50_seed0_vit_b16_cutmix_seed2,RQ4,1,classification,B,cifar100_lt,imb50,cutmix,,vit_b16,0,,False,2,0,planned,,,,
cifar100lt_imb50_seed0_vit_b16_cutmix_seed3,RQ4,1,classification,B,cifar100_lt,imb50,cutmix,,vit_b16,0,,False,3,0,planned,,,,
cifar100lt_imb50_seed0_vit_b16_cutmix_seed4,RQ4,1,classification,B,cifar100_lt,imb50,cutmix,,vit_b16,0,,False,4,0,planned,,,,
cifar100lt_imb50_seed0_swin_t_none_seed0,RQ4,1,classification,B,cifar100_lt,imb50,none,,swin_t,0,,False,0,0,planned,,,,
cifar100lt_imb50_seed0_swin_t_none_seed1,RQ4,1,classification,B,cifar100_lt,imb50,none,,swin_t,0,,False,1,0,planned,,,,
cifar100lt_imb50_seed0_swin_t_none_seed2,RQ4,1,classification,B,cifar100_lt,imb50,none,,swin_t,0,,False,2,0,planned,,,,
cifar100lt_imb50_seed0_swin_t_none_seed3,RQ4,1,classification,B,cifar100_lt,imb50,none,,swin_t,0,,False,3,0,planned,,,,
cifar100lt_imb50_seed0_swin_t_none_seed4,RQ4,1,classification,B,cifar100_lt,imb50,none,,swin_t,0,,False,4,0,planned,,,,
cifar100lt_imb50_seed0_swin_t_none_rw_seed0,RQ4,1,classification,B,cifar100_lt,imb50,none,,swin_t,0,,True,0,0,planned,,,,
cifar100lt_imb50_seed0_swin_t_none_rw_seed1,RQ4,1,classification,B,cifar100_lt,imb50,none,,swin_t,0,,True,1,0,planned,,,,
cifar100lt_imb50_seed0_swin_t_none_rw_seed2,RQ4,1,classification,B,cifar100_lt,imb50,none,,swin_t,0,,True,2,0,planned,,,,
cifar100lt_imb50_seed0_swin_t_none_rw_seed3,RQ4,1,classification,B,cifar100_lt,imb50,none,,swin_t,0,,True,3,0,planned,,,,
cifar100lt_imb50_seed0_swin_t_none_rw_seed4,RQ4,1,classification,B,cifar100_lt,imb50,none,,swin_t,0,,True,4,0,planned,,,,
cifar100lt_imb50_seed0_swin_t_randaugment_seed0,RQ4,1,classification,B,cifar100_lt,imb50,randaugment,,swin_t,0,,False,0,0,planned,,,,
cifar100lt_imb50_seed0_swin_t_randaugment_seed1,RQ4,1,classification,B,cifar100_lt,imb50,randaugment,,swin_t,0,,False,1,0,planned,,,,
cifar100lt_imb50_seed0_swin_t_randaugment_seed2,RQ4,1,classification,B,cifar100_lt,imb50,randaugment,,swin_t,0,,False,2,0,planned,,,,
cifar100lt_imb50_seed0_swin_t_randaugment_seed3,RQ4,1,classification,B,cifar100_lt,imb50,randaugment,,swin_t,0,,False,3,0,planned,,,,
cifar100lt_imb50_seed0_swin_t_randaugment_seed4,RQ4,1,classification,B,cifar100_lt,imb50,randaugment,,swin_t,0,,False,4,0,planned,,,,
cifar100lt_imb50_seed0_swin_t_mixup_seed0,RQ4,1,classification,B,cifar100_lt,imb50,mixup,,swin_t,0,,False,0,0,planned,,,,
cifar100lt_imb50_seed0_swin_t_mixup_seed1,RQ4,1,classification,B,cifar100_lt,imb50,mixup,,swin_t,0,,False,1,0,planned,,,,
cifar100lt_imb50_seed0_swin_t_mixup_seed2,RQ4,1,classification,B,cifar100_lt,imb50,mixup,,swin_t,0,,False,2,0,planned,,,,
cifar100lt_imb50_seed0_swin_t_mixup_seed3,RQ4,1,classification,B,cifar100_lt,imb50,mixup,,swin_t,0,,False,3,0,planned,,,,
cifar100lt_imb50_seed0_swin_t_mixup_seed4,RQ4,1,classification,B,cifar100_lt,imb50,mixup,,swin_t,0,,False,4,0,planned,,,,
cifar100lt_imb50_seed0_swin_t_cutmix_seed0,RQ4,1,classification,B,cifar100_lt,imb50,cutmix,,swin_t,0,,False,0,0,planned,,,,
cifar100lt_imb50_seed0_swin_t_cutmix_seed1,RQ4,1,classification,B,cifar100_lt,imb50,cutmix,,swin_t,0,,False,1,0,planned,,,,
cifar100lt_imb50_seed0_swin_t_cutmix_seed2,RQ4,1,classification,B,cifar100_lt,imb50,cutmix,,swin_t,0,,False,2,0,planned,,,,
cifar100lt_imb50_seed0_swin_t_cutmix_seed3,RQ4,1,classification,B,cifar100_lt,imb50,cutmix,,swin_t,0,,False,3,0,planned,,,,
cifar100lt_imb50_seed0_swin_t_cutmix_seed4,RQ4,1,classification,B,cifar100_lt,imb50,cutmix,,swin_t,0,,False,4,0,planned,,,,
cifar100lt_imb10_seed0_resnet50_none_seed0,RQ4,1,classification,B,cifar100_lt,imb10,none,,resnet50,0,,False,0,0,planned,,,,
cifar100lt_imb10_seed0_resnet50_none_seed1,RQ4,1,classification,B,cifar100_lt,imb10,none,,resnet50,0,,False,1,0,planned,,,,
cifar100lt_imb10_seed0_resnet50_none_seed2,RQ4,1,classification,B,cifar100_lt,imb10,none,,resnet50,0,,False,2,0,planned,,,,
cifar100lt_imb10_seed0_resnet50_none_seed3,RQ4,1,classification,B,cifar100_lt,imb10,none,,resnet50,0,,False,3,0,planned,,,,
cifar100lt_imb10_seed0_resnet50_none_seed4,RQ4,1,classification,B,cifar100_lt,imb10,none,,resnet50,0,,False,4,0,planned,,,,
cifar100lt_imb10_seed0_resnet50_none_rw_seed0,RQ4,1,classification,B,cifar100_lt,imb10,none,,resnet50,0,,True,0,0,planned,,,,
cifar100lt_imb10_seed0_resnet50_none_rw_seed1,RQ4,1,classification,B,cifar100_lt,imb10,none,,resnet50,0,,True,1,0,planned,,,,
cifar100lt_imb10_seed0_resnet50_none_rw_seed2,RQ4,1,classification,B,cifar100_lt,imb10,none,,resnet50,0,,True,2,0,planned,,,,
cifar100lt_imb10_seed0_resnet50_none_rw_seed3,RQ4,1,classification,B,cifar100_lt,imb10,none,,resnet50,0,,True,3,0,planned,,,,
cifar100lt_imb10_seed0_resnet50_none_rw_seed4,RQ4,1,classification,B,cifar100_lt,imb10,none,,resnet50,0,,True,4,0,planned,,,,
cifar100lt_imb10_seed0_resnet50_randaugment_seed0,RQ4,1,classification,B,cifar100_lt,imb10,randaugment,,resnet50,0,,False,0,0,planned,,,,
cifar100lt_imb10_seed0_resnet50_randaugment_seed1,RQ4,1,classification,B,cifar100_lt,imb10,randaugment,,resnet50,0,,False,1,0,planned,,,,
cifar100lt_imb10_seed0_resnet50_randaugment_seed2,RQ4,1,classification,B,cifar100_lt,imb10,randaugment,,resnet50,0,,False,2,0,planned,,,,
cifar100lt_imb10_seed0_resnet50_randaugment_seed3,RQ4,1,classification,B,cifar100_lt,imb10,randaugment,,resnet50,0,,False,3,0,planned,,,,
cifar100lt_imb10_seed0_resnet50_randaugment_seed4,RQ4,1,classification,B,cifar100_lt,imb10,randaugment,,resnet50,0,,False,4,0,planned,,,,
cifar100lt_imb10_seed0_resnet50_mixup_seed0,RQ4,1,classification,B,cifar100_lt,imb10,mixup,,resnet50,0,,False,0,0,planned,,,,
cifar100lt_imb10_seed0_resnet50_mixup_seed1,RQ4,1,classification,B,cifar100_lt,imb10,mixup,,resnet50,0,,False,1,0,planned,,,,
cifar100lt_imb10_seed0_resnet50_mixup_seed2,RQ4,1,classification,B,cifar100_lt,imb10,mixup,,resnet50,0,,False,2,0,planned,,,,
cifar100lt_imb10_seed0_resnet50_mixup_seed3,RQ4,1,classification,B,cifar100_lt,imb10,mixup,,resnet50,0,,False,3,0,planned,,,,
cifar100lt_imb10_seed0_resnet50_mixup_seed4,RQ4,1,classification,B,cifar100_lt,imb10,mixup,,resnet50,0,,False,4,0,planned,,,,
cifar100lt_imb10_seed0_resnet50_cutmix_seed0,RQ4,1,classification,B,cifar100_lt,imb10,cutmix,,resnet50,0,,False,0,0,planned,,,,
cifar100lt_imb10_seed0_resnet50_cutmix_seed1,RQ4,1,classification,B,cifar100_lt,imb10,cutmix,,resnet50,0,,False,1,0,planned,,,,
cifar100lt_imb10_seed0_resnet50_cutmix_seed2,RQ4,1,classification,B,cifar100_lt,imb10,cutmix,,resnet50,0,,False,2,0,planned,,,,
cifar100lt_imb10_seed0_resnet50_cutmix_seed3,RQ4,1,classification,B,cifar100_lt,imb10,cutmix,,resnet50,0,,False,3,0,planned,,,,
cifar100lt_imb10_seed0_resnet50_cutmix_seed4,RQ4,1,classification,B,cifar100_lt,imb10,cutmix,,resnet50,0,,False,4,0,planned,,,,
cifar100lt_imb10_seed0_convnext_t_none_seed0,RQ4,1,classification,B,cifar100_lt,imb10,none,,convnext_t,0,,False,0,0,planned,,,,
cifar100lt_imb10_seed0_convnext_t_none_seed1,RQ4,1,classification,B,cifar100_lt,imb10,none,,convnext_t,0,,False,1,0,planned,,,,
cifar100lt_imb10_seed0_convnext_t_none_seed2,RQ4,1,classification,B,cifar100_lt,imb10,none,,convnext_t,0,,False,2,0,planned,,,,
cifar100lt_imb10_seed0_convnext_t_none_seed3,RQ4,1,classification,B,cifar100_lt,imb10,none,,convnext_t,0,,False,3,0,planned,,,,
cifar100lt_imb10_seed0_convnext_t_none_seed4,RQ4,1,classification,B,cifar100_lt,imb10,none,,convnext_t,0,,False,4,0,planned,,,,
cifar100lt_imb10_seed0_convnext_t_none_rw_seed0,RQ4,1,classification,B,cifar100_lt,imb10,none,,convnext_t,0,,True,0,0,planned,,,,
cifar100lt_imb10_seed0_convnext_t_none_rw_seed1,RQ4,1,classification,B,cifar100_lt,imb10,none,,convnext_t,0,,True,1,0,planned,,,,
cifar100lt_imb10_seed0_convnext_t_none_rw_seed2,RQ4,1,classification,B,cifar100_lt,imb10,none,,convnext_t,0,,True,2,0,planned,,,,
cifar100lt_imb10_seed0_convnext_t_none_rw_seed3,RQ4,1,classification,B,cifar100_lt,imb10,none,,convnext_t,0,,True,3,0,planned,,,,
cifar100lt_imb10_seed0_convnext_t_none_rw_seed4,RQ4,1,classification,B,cifar100_lt,imb10,none,,convnext_t,0,,True,4,0,planned,,,,
cifar100lt_imb10_seed0_convnext_t_randaugment_seed0,RQ4,1,classification,B,cifar100_lt,imb10,randaugment,,convnext_t,0,,False,0,0,planned,,,,
cifar100lt_imb10_seed0_convnext_t_randaugment_seed1,RQ4,1,classification,B,cifar100_lt,imb10,randaugment,,convnext_t,0,,False,1,0,planned,,,,
cifar100lt_imb10_seed0_convnext_t_randaugment_seed2,RQ4,1,classification,B,cifar100_lt,imb10,randaugment,,convnext_t,0,,False,2,0,planned,,,,
cifar100lt_imb10_seed0_convnext_t_randaugment_seed3,RQ4,1,classification,B,cifar100_lt,imb10,randaugment,,convnext_t,0,,False,3,0,planned,,,,
cifar100lt_imb10_seed0_convnext_t_randaugment_seed4,RQ4,1,classification,B,cifar100_lt,imb10,randaugment,,convnext_t,0,,False,4,0,planned,,,,
cifar100lt_imb10_seed0_convnext_t_mixup_seed0,RQ4,1,classification,B,cifar100_lt,imb10,mixup,,convnext_t,0,,False,0,0,planned,,,,
cifar100lt_imb10_seed0_convnext_t_mixup_seed1,RQ4,1,classification,B,cifar100_lt,imb10,mixup,,convnext_t,0,,False,1,0,planned,,,,
cifar100lt_imb10_seed0_convnext_t_mixup_seed2,RQ4,1,classification,B,cifar100_lt,imb10,mixup,,convnext_t,0,,False,2,0,planned,,,,
cifar100lt_imb10_seed0_convnext_t_mixup_seed3,RQ4,1,classification,B,cifar100_lt,imb10,mixup,,convnext_t,0,,False,3,0,planned,,,,
cifar100lt_imb10_seed0_convnext_t_mixup_seed4,RQ4,1,classification,B,cifar100_lt,imb10,mixup,,convnext_t,0,,False,4,0,planned,,,,
cifar100lt_imb10_seed0_convnext_t_cutmix_seed0,RQ4,1,classification,B,cifar100_lt,imb10,cutmix,,convnext_t,0,,False,0,0,planned,,,,
cifar100lt_imb10_seed0_convnext_t_cutmix_seed1,RQ4,1,classification,B,cifar100_lt,imb10,cutmix,,convnext_t,0,,False,1,0,planned,,,,
cifar100lt_imb10_seed0_convnext_t_cutmix_seed2,RQ4,1,classification,B,cifar100_lt,imb10,cutmix,,convnext_t,0,,False,2,0,planned,,,,
cifar100lt_imb10_seed0_convnext_t_cutmix_seed3,RQ4,1,classification,B,cifar100_lt,imb10,cutmix,,convnext_t,0,,False,3,0,planned,,,,
cifar100lt_imb10_seed0_convnext_t_cutmix_seed4,RQ4,1,classification,B,cifar100_lt,imb10,cutmix,,convnext_t,0,,False,4,0,planned,,,,
cifar100lt_imb10_seed0_vit_b16_none_seed0,RQ4,1,classification,B,cifar100_lt,imb10,none,,vit_b16,0,,False,0,0,planned,,,,
cifar100lt_imb10_seed0_vit_b16_none_seed1,RQ4,1,classification,B,cifar100_lt,imb10,none,,vit_b16,0,,False,1,0,planned,,,,
cifar100lt_imb10_seed0_vit_b16_none_seed2,RQ4,1,classification,B,cifar100_lt,imb10,none,,vit_b16,0,,False,2,0,planned,,,,
cifar100lt_imb10_seed0_vit_b16_none_seed3,RQ4,1,classification,B,cifar100_lt,imb10,none,,vit_b16,0,,False,3,0,planned,,,,
cifar100lt_imb10_seed0_vit_b16_none_seed4,RQ4,1,classification,B,cifar100_lt,imb10,none,,vit_b16,0,,False,4,0,planned,,,,
cifar100lt_imb10_seed0_vit_b16_none_rw_seed0,RQ4,1,classification,B,cifar100_lt,imb10,none,,vit_b16,0,,True,0,0,planned,,,,
cifar100lt_imb10_seed0_vit_b16_none_rw_seed1,RQ4,1,classification,B,cifar100_lt,imb10,none,,vit_b16,0,,True,1,0,planned,,,,
cifar100lt_imb10_seed0_vit_b16_none_rw_seed2,RQ4,1,classification,B,cifar100_lt,imb10,none,,vit_b16,0,,True,2,0,planned,,,,
cifar100lt_imb10_seed0_vit_b16_none_rw_seed3,RQ4,1,classification,B,cifar100_lt,imb10,none,,vit_b16,0,,True,3,0,planned,,,,
cifar100lt_imb10_seed0_vit_b16_none_rw_seed4,RQ4,1,classification,B,cifar100_lt,imb10,none,,vit_b16,0,,True,4,0,planned,,,,
cifar100lt_imb10_seed0_vit_b16_randaugment_seed0,RQ4,1,classification,B,cifar100_lt,imb10,randaugment,,vit_b16,0,,False,0,0,planned,,,,
cifar100lt_imb10_seed0_vit_b16_randaugment_seed1,RQ4,1,classification,B,cifar100_lt,imb10,randaugment,,vit_b16,0,,False,1,0,planned,,,,
cifar100lt_imb10_seed0_vit_b16_randaugment_seed2,RQ4,1,classification,B,cifar100_lt,imb10,randaugment,,vit_b16,0,,False,2,0,planned,,,,
cifar100lt_imb10_seed0_vit_b16_randaugment_seed3,RQ4,1,classification,B,cifar100_lt,imb10,randaugment,,vit_b16,0,,False,3,0,planned,,,,
cifar100lt_imb10_seed0_vit_b16_randaugment_seed4,RQ4,1,classification,B,cifar100_lt,imb10,randaugment,,vit_b16,0,,False,4,0,planned,,,,
cifar100lt_imb10_seed0_vit_b16_mixup_seed0,RQ4,1,classification,B,cifar100_lt,imb10,mixup,,vit_b16,0,,False,0,0,planned,,,,
cifar100lt_imb10_seed0_vit_b16_mixup_seed1,RQ4,1,classification,B,cifar100_lt,imb10,mixup,,vit_b16,0,,False,1,0,planned,,,,
cifar100lt_imb10_seed0_vit_b16_mixup_seed2,RQ4,1,classification,B,cifar100_lt,imb10,mixup,,vit_b16,0,,False,2,0,planned,,,,
cifar100lt_imb10_seed0_vit_b16_mixup_seed3,RQ4,1,classification,B,cifar100_lt,imb10,mixup,,vit_b16,0,,False,3,0,planned,,,,
cifar100lt_imb10_seed0_vit_b16_mixup_seed4,RQ4,1,classification,B,cifar100_lt,imb10,mixup,,vit_b16,0,,False,4,0,planned,,,,
cifar100lt_imb10_seed0_vit_b16_cutmix_seed0,RQ4,1,classification,B,cifar100_lt,imb10,cutmix,,vit_b16,0,,False,0,0,planned,,,,
cifar100lt_imb10_seed0_vit_b16_cutmix_seed1,RQ4,1,classification,B,cifar100_lt,imb10,cutmix,,vit_b16,0,,False,1,0,planned,,,,
cifar100lt_imb10_seed0_vit_b16_cutmix_seed2,RQ4,1,classification,B,cifar100_lt,imb10,cutmix,,vit_b16,0,,False,2,0,planned,,,,
cifar100lt_imb10_seed0_vit_b16_cutmix_seed3,RQ4,1,classification,B,cifar100_lt,imb10,cutmix,,vit_b16,0,,False,3,0,planned,,,,
cifar100lt_imb10_seed0_vit_b16_cutmix_seed4,RQ4,1,classification,B,cifar100_lt,imb10,cutmix,,vit_b16,0,,False,4,0,planned,,,,
cifar100lt_imb10_seed0_swin_t_none_seed0,RQ4,1,classification,B,cifar100_lt,imb10,none,,swin_t,0,,False,0,0,planned,,,,
cifar100lt_imb10_seed0_swin_t_none_seed1,RQ4,1,classification,B,cifar100_lt,imb10,none,,swin_t,0,,False,1,0,planned,,,,
cifar100lt_imb10_seed0_swin_t_none_seed2,RQ4,1,classification,B,cifar100_lt,imb10,none,,swin_t,0,,False,2,0,planned,,,,
cifar100lt_imb10_seed0_swin_t_none_seed3,RQ4,1,classification,B,cifar100_lt,imb10,none,,swin_t,0,,False,3,0,planned,,,,
cifar100lt_imb10_seed0_swin_t_none_seed4,RQ4,1,classification,B,cifar100_lt,imb10,none,,swin_t,0,,False,4,0,planned,,,,
cifar100lt_imb10_seed0_swin_t_none_rw_seed0,RQ4,1,classification,B,cifar100_lt,imb10,none,,swin_t,0,,True,0,0,planned,,,,
cifar100lt_imb10_seed0_swin_t_none_rw_seed1,RQ4,1,classification,B,cifar100_lt,imb10,none,,swin_t,0,,True,1,0,planned,,,,
cifar100lt_imb10_seed0_swin_t_none_rw_seed2,RQ4,1,classification,B,cifar100_lt,imb10,none,,swin_t,0,,True,2,0,planned,,,,
cifar100lt_imb10_seed0_swin_t_none_rw_seed3,RQ4,1,classification,B,cifar100_lt,imb10,none,,swin_t,0,,True,3,0,planned,,,,
cifar100lt_imb10_seed0_swin_t_none_rw_seed4,RQ4,1,classification,B,cifar100_lt,imb10,none,,swin_t,0,,True,4,0,planned,,,,
cifar100lt_imb10_seed0_swin_t_randaugment_seed0,RQ4,1,classification,B,cifar100_lt,imb10,randaugment,,swin_t,0,,False,0,0,planned,,,,
cifar100lt_imb10_seed0_swin_t_randaugment_seed1,RQ4,1,classification,B,cifar100_lt,imb10,randaugment,,swin_t,0,,False,1,0,planned,,,,
cifar100lt_imb10_seed0_swin_t_randaugment_seed2,RQ4,1,classification,B,cifar100_lt,imb10,randaugment,,swin_t,0,,False,2,0,planned,,,,
cifar100lt_imb10_seed0_swin_t_randaugment_seed3,RQ4,1,classification,B,cifar100_lt,imb10,randaugment,,swin_t,0,,False,3,0,planned,,,,
cifar100lt_imb10_seed0_swin_t_randaugment_seed4,RQ4,1,classification,B,cifar100_lt,imb10,randaugment,,swin_t,0,,False,4,0,planned,,,,
cifar100lt_imb10_seed0_swin_t_mixup_seed0,RQ4,1,classification,B,cifar100_lt,imb10,mixup,,swin_t,0,,False,0,0,planned,,,,
cifar100lt_imb10_seed0_swin_t_mixup_seed1,RQ4,1,classification,B,cifar100_lt,imb10,mixup,,swin_t,0,,False,1,0,planned,,,,
cifar100lt_imb10_seed0_swin_t_mixup_seed2,RQ4,1,classification,B,cifar100_lt,imb10,mixup,,swin_t,0,,False,2,0,planned,,,,
cifar100lt_imb10_seed0_swin_t_mixup_seed3,RQ4,1,classification,B,cifar100_lt,imb10,mixup,,swin_t,0,,False,3,0,planned,,,,
cifar100lt_imb10_seed0_swin_t_mixup_seed4,RQ4,1,classification,B,cifar100_lt,imb10,mixup,,swin_t,0,,False,4,0,planned,,,,
cifar100lt_imb10_seed0_swin_t_cutmix_seed0,RQ4,1,classification,B,cifar100_lt,imb10,cutmix,,swin_t,0,,False,0,0,planned,,,,
cifar100lt_imb10_seed0_swin_t_cutmix_seed1,RQ4,1,classification,B,cifar100_lt,imb10,cutmix,,swin_t,0,,False,1,0,planned,,,,
cifar100lt_imb10_seed0_swin_t_cutmix_seed2,RQ4,1,classification,B,cifar100_lt,imb10,cutmix,,swin_t,0,,False,2,0,planned,,,,
cifar100lt_imb10_seed0_swin_t_cutmix_seed3,RQ4,1,classification,B,cifar100_lt,imb10,cutmix,,swin_t,0,,False,3,0,planned,,,,
cifar100lt_imb10_seed0_swin_t_cutmix_seed4,RQ4,1,classification,B,cifar100_lt,imb10,cutmix,,swin_t,0,,False,4,0,planned,,,,
cifar100_shot10_seed0_resnet50_none_r1_seed0,RQ1,2,classification,A,cifar100,10-shot,stylegan2_ada,gan_cifar100_shot10_seed0,resnet50,1,proportional,False,0,0,done,124.13,0.984,top1,0.1304
cifar100_shot10_seed0_resnet50_none_r1_seed1,RQ1,2,classification,A,cifar100,10-shot,stylegan2_ada,gan_cifar100_shot10_seed0,resnet50,1,proportional,False,1,0,done,123.88,0.984,top1,0.1267
cifar100_shot10_seed0_resnet50_none_r1_seed2,RQ1,2,classification,A,cifar100,10-shot,stylegan2_ada,gan_cifar100_shot10_seed0,resnet50,1,proportional,False,2,0,done,123.93,0.984,top1,0.1304
cifar100_shot10_seed0_resnet50_none_r1_seed3,RQ1,2,classification,A,cifar100,10-shot,stylegan2_ada,gan_cifar100_shot10_seed0,resnet50,1,proportional,False,3,0,done,124.26,0.984,top1,0.1354
cifar100_shot10_seed0_resnet50_none_r1_seed4,RQ1,2,classification,A,cifar100,10-shot,stylegan2_ada,gan_cifar100_shot10_seed0,resnet50,1,proportional,False,4,0,done,123.76,0.984,top1,0.1285
cifar100_shot10_seed0_resnet50_none_r2_seed0,RQ1,2,classification,A,cifar100,10-shot,stylegan2_ada,gan_cifar100_shot10_seed0,resnet50,2,proportional,False,0,0,done,121.08,0.984,top1,0.1238
cifar100_shot10_seed0_resnet50_none_r2_seed1,RQ1,2,classification,A,cifar100,10-shot,stylegan2_ada,gan_cifar100_shot10_seed0,resnet50,2,proportional,False,1,0,done,120.81,0.984,top1,0.1214
cifar100_shot10_seed0_resnet50_none_r2_seed2,RQ1,2,classification,A,cifar100,10-shot,stylegan2_ada,gan_cifar100_shot10_seed0,resnet50,2,proportional,False,2,0,done,121.71,0.984,top1,0.1264
cifar100_shot10_seed0_resnet50_none_r2_seed3,RQ1,2,classification,A,cifar100,10-shot,stylegan2_ada,gan_cifar100_shot10_seed0,resnet50,2,proportional,False,3,0,done,121.63,0.984,top1,0.1277
cifar100_shot10_seed0_resnet50_none_r2_seed4,RQ1,2,classification,A,cifar100,10-shot,stylegan2_ada,gan_cifar100_shot10_seed0,resnet50,2,proportional,False,4,0,done,120.37,0.984,top1,0.1265
cifar100_shot10_seed0_resnet50_none_r5_seed0,RQ1,2,classification,A,cifar100,10-shot,stylegan2_ada,gan_cifar100_shot10_seed0,resnet50,5,proportional,False,0,0,done,118.09,0.984,top1,0.1285
cifar100_shot10_seed0_resnet50_none_r5_seed1,RQ1,2,classification,A,cifar100,10-shot,stylegan2_ada,gan_cifar100_shot10_seed0,resnet50,5,proportional,False,1,0,done,118.2,0.984,top1,0.1256
cifar100_shot10_seed0_resnet50_none_r5_seed2,RQ1,2,classification,A,cifar100,10-shot,stylegan2_ada,gan_cifar100_shot10_seed0,resnet50,5,proportional,False,2,0,done,118.25,0.984,top1,0.1208
cifar100_shot10_seed0_resnet50_none_r5_seed3,RQ1,2,classification,A,cifar100,10-shot,stylegan2_ada,gan_cifar100_shot10_seed0,resnet50,5,proportional,False,3,0,done,118.05,0.984,top1,0.1249
cifar100_shot10_seed0_resnet50_none_r5_seed4,RQ1,2,classification,A,cifar100,10-shot,stylegan2_ada,gan_cifar100_shot10_seed0,resnet50,5,proportional,False,4,0,done,118.26,0.984,top1,0.127
cifar100_shot10_seed0_convnext_t_none_r1_seed0,RQ1,2,classification,A,cifar100,10-shot,stylegan2_ada,gan_cifar100_shot10_seed0,convnext_t,1,proportional,False,0,0,planned,,,,
cifar100_shot10_seed0_convnext_t_none_r1_seed1,RQ1,2,classification,A,cifar100,10-shot,stylegan2_ada,gan_cifar100_shot10_seed0,convnext_t,1,proportional,False,1,0,planned,,,,
cifar100_shot10_seed0_convnext_t_none_r1_seed2,RQ1,2,classification,A,cifar100,10-shot,stylegan2_ada,gan_cifar100_shot10_seed0,convnext_t,1,proportional,False,2,0,planned,,,,
cifar100_shot10_seed0_convnext_t_none_r1_seed3,RQ1,2,classification,A,cifar100,10-shot,stylegan2_ada,gan_cifar100_shot10_seed0,convnext_t,1,proportional,False,3,0,planned,,,,
cifar100_shot10_seed0_convnext_t_none_r1_seed4,RQ1,2,classification,A,cifar100,10-shot,stylegan2_ada,gan_cifar100_shot10_seed0,convnext_t,1,proportional,False,4,0,planned,,,,
cifar100_shot10_seed0_convnext_t_none_r2_seed0,RQ1,2,classification,A,cifar100,10-shot,stylegan2_ada,gan_cifar100_shot10_seed0,convnext_t,2,proportional,False,0,0,planned,,,,
cifar100_shot10_seed0_convnext_t_none_r2_seed1,RQ1,2,classification,A,cifar100,10-shot,stylegan2_ada,gan_cifar100_shot10_seed0,convnext_t,2,proportional,False,1,0,planned,,,,
cifar100_shot10_seed0_convnext_t_none_r2_seed2,RQ1,2,classification,A,cifar100,10-shot,stylegan2_ada,gan_cifar100_shot10_seed0,convnext_t,2,proportional,False,2,0,planned,,,,
cifar100_shot10_seed0_convnext_t_none_r2_seed3,RQ1,2,classification,A,cifar100,10-shot,stylegan2_ada,gan_cifar100_shot10_seed0,convnext_t,2,proportional,False,3,0,planned,,,,
cifar100_shot10_seed0_convnext_t_none_r2_seed4,RQ1,2,classification,A,cifar100,10-shot,stylegan2_ada,gan_cifar100_shot10_seed0,convnext_t,2,proportional,False,4,0,planned,,,,
cifar100_shot10_seed0_convnext_t_none_r5_seed0,RQ1,2,classification,A,cifar100,10-shot,stylegan2_ada,gan_cifar100_shot10_seed0,convnext_t,5,proportional,False,0,0,planned,,,,
cifar100_shot10_seed0_convnext_t_none_r5_seed1,RQ1,2,classification,A,cifar100,10-shot,stylegan2_ada,gan_cifar100_shot10_seed0,convnext_t,5,proportional,False,1,0,planned,,,,
cifar100_shot10_seed0_convnext_t_none_r5_seed2,RQ1,2,classification,A,cifar100,10-shot,stylegan2_ada,gan_cifar100_shot10_seed0,convnext_t,5,proportional,False,2,0,planned,,,,
cifar100_shot10_seed0_convnext_t_none_r5_seed3,RQ1,2,classification,A,cifar100,10-shot,stylegan2_ada,gan_cifar100_shot10_seed0,convnext_t,5,proportional,False,3,0,planned,,,,
cifar100_shot10_seed0_convnext_t_none_r5_seed4,RQ1,2,classification,A,cifar100,10-shot,stylegan2_ada,gan_cifar100_shot10_seed0,convnext_t,5,proportional,False,4,0,planned,,,,
cifar100_shot10_seed0_vit_b16_none_r1_seed0,RQ1,2,classification,A,cifar100,10-shot,stylegan2_ada,gan_cifar100_shot10_seed0,vit_b16,1,proportional,False,0,0,planned,,,,
cifar100_shot10_seed0_vit_b16_none_r1_seed1,RQ1,2,classification,A,cifar100,10-shot,stylegan2_ada,gan_cifar100_shot10_seed0,vit_b16,1,proportional,False,1,0,planned,,,,
cifar100_shot10_seed0_vit_b16_none_r1_seed2,RQ1,2,classification,A,cifar100,10-shot,stylegan2_ada,gan_cifar100_shot10_seed0,vit_b16,1,proportional,False,2,0,planned,,,,
cifar100_shot10_seed0_vit_b16_none_r1_seed3,RQ1,2,classification,A,cifar100,10-shot,stylegan2_ada,gan_cifar100_shot10_seed0,vit_b16,1,proportional,False,3,0,planned,,,,
cifar100_shot10_seed0_vit_b16_none_r1_seed4,RQ1,2,classification,A,cifar100,10-shot,stylegan2_ada,gan_cifar100_shot10_seed0,vit_b16,1,proportional,False,4,0,planned,,,,
cifar100_shot10_seed0_vit_b16_none_r2_seed0,RQ1,2,classification,A,cifar100,10-shot,stylegan2_ada,gan_cifar100_shot10_seed0,vit_b16,2,proportional,False,0,0,planned,,,,
cifar100_shot10_seed0_vit_b16_none_r2_seed1,RQ1,2,classification,A,cifar100,10-shot,stylegan2_ada,gan_cifar100_shot10_seed0,vit_b16,2,proportional,False,1,0,planned,,,,
cifar100_shot10_seed0_vit_b16_none_r2_seed2,RQ1,2,classification,A,cifar100,10-shot,stylegan2_ada,gan_cifar100_shot10_seed0,vit_b16,2,proportional,False,2,0,planned,,,,
cifar100_shot10_seed0_vit_b16_none_r2_seed3,RQ1,2,classification,A,cifar100,10-shot,stylegan2_ada,gan_cifar100_shot10_seed0,vit_b16,2,proportional,False,3,0,planned,,,,
cifar100_shot10_seed0_vit_b16_none_r2_seed4,RQ1,2,classification,A,cifar100,10-shot,stylegan2_ada,gan_cifar100_shot10_seed0,vit_b16,2,proportional,False,4,0,planned,,,,
cifar100_shot10_seed0_vit_b16_none_r5_seed0,RQ1,2,classification,A,cifar100,10-shot,stylegan2_ada,gan_cifar100_shot10_seed0,vit_b16,5,proportional,False,0,0,planned,,,,
cifar100_shot10_seed0_vit_b16_none_r5_seed1,RQ1,2,classification,A,cifar100,10-shot,stylegan2_ada,gan_cifar100_shot10_seed0,vit_b16,5,proportional,False,1,0,planned,,,,
cifar100_shot10_seed0_vit_b16_none_r5_seed2,RQ1,2,classification,A,cifar100,10-shot,stylegan2_ada,gan_cifar100_shot10_seed0,vit_b16,5,proportional,False,2,0,planned,,,,
cifar100_shot10_seed0_vit_b16_none_r5_seed3,RQ1,2,classification,A,cifar100,10-shot,stylegan2_ada,gan_cifar100_shot10_seed0,vit_b16,5,proportional,False,3,0,planned,,,,
cifar100_shot10_seed0_vit_b16_none_r5_seed4,RQ1,2,classification,A,cifar100,10-shot,stylegan2_ada,gan_cifar100_shot10_seed0,vit_b16,5,proportional,False,4,0,planned,,,,
cifar100_shot10_seed0_swin_t_none_r1_seed0,RQ1,2,classification,A,cifar100,10-shot,stylegan2_ada,gan_cifar100_shot10_seed0,swin_t,1,proportional,False,0,0,planned,,,,
cifar100_shot10_seed0_swin_t_none_r1_seed1,RQ1,2,classification,A,cifar100,10-shot,stylegan2_ada,gan_cifar100_shot10_seed0,swin_t,1,proportional,False,1,0,planned,,,,
cifar100_shot10_seed0_swin_t_none_r1_seed2,RQ1,2,classification,A,cifar100,10-shot,stylegan2_ada,gan_cifar100_shot10_seed0,swin_t,1,proportional,False,2,0,planned,,,,
cifar100_shot10_seed0_swin_t_none_r1_seed3,RQ1,2,classification,A,cifar100,10-shot,stylegan2_ada,gan_cifar100_shot10_seed0,swin_t,1,proportional,False,3,0,planned,,,,
cifar100_shot10_seed0_swin_t_none_r1_seed4,RQ1,2,classification,A,cifar100,10-shot,stylegan2_ada,gan_cifar100_shot10_seed0,swin_t,1,proportional,False,4,0,planned,,,,
cifar100_shot10_seed0_swin_t_none_r2_seed0,RQ1,2,classification,A,cifar100,10-shot,stylegan2_ada,gan_cifar100_shot10_seed0,swin_t,2,proportional,False,0,0,planned,,,,
cifar100_shot10_seed0_swin_t_none_r2_seed1,RQ1,2,classification,A,cifar100,10-shot,stylegan2_ada,gan_cifar100_shot10_seed0,swin_t,2,proportional,False,1,0,planned,,,,
cifar100_shot10_seed0_swin_t_none_r2_seed2,RQ1,2,classification,A,cifar100,10-shot,stylegan2_ada,gan_cifar100_shot10_seed0,swin_t,2,proportional,False,2,0,planned,,,,
cifar100_shot10_seed0_swin_t_none_r2_seed3,RQ1,2,classification,A,cifar100,10-shot,stylegan2_ada,gan_cifar100_shot10_seed0,swin_t,2,proportional,False,3,0,planned,,,,
cifar100_shot10_seed0_swin_t_none_r2_seed4,RQ1,2,classification,A,cifar100,10-shot,stylegan2_ada,gan_cifar100_shot10_seed0,swin_t,2,proportional,False,4,0,planned,,,,
cifar100_shot10_seed0_swin_t_none_r5_seed0,RQ1,2,classification,A,cifar100,10-shot,stylegan2_ada,gan_cifar100_shot10_seed0,swin_t,5,proportional,False,0,0,planned,,,,
cifar100_shot10_seed0_swin_t_none_r5_seed1,RQ1,2,classification,A,cifar100,10-shot,stylegan2_ada,gan_cifar100_shot10_seed0,swin_t,5,proportional,False,1,0,planned,,,,
cifar100_shot10_seed0_swin_t_none_r5_seed2,RQ1,2,classification,A,cifar100,10-shot,stylegan2_ada,gan_cifar100_shot10_seed0,swin_t,5,proportional,False,2,0,planned,,,,
cifar100_shot10_seed0_swin_t_none_r5_seed3,RQ1,2,classification,A,cifar100,10-shot,stylegan2_ada,gan_cifar100_shot10_seed0,swin_t,5,proportional,False,3,0,planned,,,,
cifar100_shot10_seed0_swin_t_none_r5_seed4,RQ1,2,classification,A,cifar100,10-shot,stylegan2_ada,gan_cifar100_shot10_seed0,swin_t,5,proportional,False,4,0,planned,,,,
cifar100lt_imb100_seed0_resnet50_none_r1_prop_seed0,RQ4,2,classification,B,cifar100_lt,imb100,stylegan2_ada,gan_cifar100lt_imb100_seed0,resnet50,1,proportional,False,0,0,planned,,,,
cifar100lt_imb100_seed0_resnet50_none_r1_prop_seed1,RQ4,2,classification,B,cifar100_lt,imb100,stylegan2_ada,gan_cifar100lt_imb100_seed0,resnet50,1,proportional,False,1,0,planned,,,,
cifar100lt_imb100_seed0_resnet50_none_r1_prop_seed2,RQ4,2,classification,B,cifar100_lt,imb100,stylegan2_ada,gan_cifar100lt_imb100_seed0,resnet50,1,proportional,False,2,0,planned,,,,
cifar100lt_imb100_seed0_resnet50_none_r1_prop_seed3,RQ4,2,classification,B,cifar100_lt,imb100,stylegan2_ada,gan_cifar100lt_imb100_seed0,resnet50,1,proportional,False,3,0,planned,,,,
cifar100lt_imb100_seed0_resnet50_none_r1_prop_seed4,RQ4,2,classification,B,cifar100_lt,imb100,stylegan2_ada,gan_cifar100lt_imb100_seed0,resnet50,1,proportional,False,4,0,planned,,,,
cifar100lt_imb100_seed0_resnet50_none_r1_bala_seed0,RQ4,2,classification,B,cifar100_lt,imb100,stylegan2_ada,gan_cifar100lt_imb100_seed0,resnet50,1,balanced,False,0,0,planned,,,,
cifar100lt_imb100_seed0_resnet50_none_r1_bala_seed1,RQ4,2,classification,B,cifar100_lt,imb100,stylegan2_ada,gan_cifar100lt_imb100_seed0,resnet50,1,balanced,False,1,0,planned,,,,
cifar100lt_imb100_seed0_resnet50_none_r1_bala_seed2,RQ4,2,classification,B,cifar100_lt,imb100,stylegan2_ada,gan_cifar100lt_imb100_seed0,resnet50,1,balanced,False,2,0,planned,,,,
cifar100lt_imb100_seed0_resnet50_none_r1_bala_seed3,RQ4,2,classification,B,cifar100_lt,imb100,stylegan2_ada,gan_cifar100lt_imb100_seed0,resnet50,1,balanced,False,3,0,planned,,,,
cifar100lt_imb100_seed0_resnet50_none_r1_bala_seed4,RQ4,2,classification,B,cifar100_lt,imb100,stylegan2_ada,gan_cifar100lt_imb100_seed0,resnet50,1,balanced,False,4,0,planned,,,,
cifar100lt_imb100_seed0_resnet50_none_r2_prop_seed0,RQ4,2,classification,B,cifar100_lt,imb100,stylegan2_ada,gan_cifar100lt_imb100_seed0,resnet50,2,proportional,False,0,0,planned,,,,
cifar100lt_imb100_seed0_resnet50_none_r2_prop_seed1,RQ4,2,classification,B,cifar100_lt,imb100,stylegan2_ada,gan_cifar100lt_imb100_seed0,resnet50,2,proportional,False,1,0,planned,,,,
cifar100lt_imb100_seed0_resnet50_none_r2_prop_seed2,RQ4,2,classification,B,cifar100_lt,imb100,stylegan2_ada,gan_cifar100lt_imb100_seed0,resnet50,2,proportional,False,2,0,planned,,,,
cifar100lt_imb100_seed0_resnet50_none_r2_prop_seed3,RQ4,2,classification,B,cifar100_lt,imb100,stylegan2_ada,gan_cifar100lt_imb100_seed0,resnet50,2,proportional,False,3,0,planned,,,,
cifar100lt_imb100_seed0_resnet50_none_r2_prop_seed4,RQ4,2,classification,B,cifar100_lt,imb100,stylegan2_ada,gan_cifar100lt_imb100_seed0,resnet50,2,proportional,False,4,0,planned,,,,
cifar100lt_imb100_seed0_resnet50_none_r2_bala_seed0,RQ4,2,classification,B,cifar100_lt,imb100,stylegan2_ada,gan_cifar100lt_imb100_seed0,resnet50,2,balanced,False,0,0,planned,,,,
cifar100lt_imb100_seed0_resnet50_none_r2_bala_seed1,RQ4,2,classification,B,cifar100_lt,imb100,stylegan2_ada,gan_cifar100lt_imb100_seed0,resnet50,2,balanced,False,1,0,planned,,,,
cifar100lt_imb100_seed0_resnet50_none_r2_bala_seed2,RQ4,2,classification,B,cifar100_lt,imb100,stylegan2_ada,gan_cifar100lt_imb100_seed0,resnet50,2,balanced,False,2,0,planned,,,,
cifar100lt_imb100_seed0_resnet50_none_r2_bala_seed3,RQ4,2,classification,B,cifar100_lt,imb100,stylegan2_ada,gan_cifar100lt_imb100_seed0,resnet50,2,balanced,False,3,0,planned,,,,
cifar100lt_imb100_seed0_resnet50_none_r2_bala_seed4,RQ4,2,classification,B,cifar100_lt,imb100,stylegan2_ada,gan_cifar100lt_imb100_seed0,resnet50,2,balanced,False,4,0,planned,,,,
cifar100lt_imb100_seed0_resnet50_none_r5_prop_seed0,RQ4,2,classification,B,cifar100_lt,imb100,stylegan2_ada,gan_cifar100lt_imb100_seed0,resnet50,5,proportional,False,0,0,planned,,,,
cifar100lt_imb100_seed0_resnet50_none_r5_prop_seed1,RQ4,2,classification,B,cifar100_lt,imb100,stylegan2_ada,gan_cifar100lt_imb100_seed0,resnet50,5,proportional,False,1,0,planned,,,,
cifar100lt_imb100_seed0_resnet50_none_r5_prop_seed2,RQ4,2,classification,B,cifar100_lt,imb100,stylegan2_ada,gan_cifar100lt_imb100_seed0,resnet50,5,proportional,False,2,0,planned,,,,
cifar100lt_imb100_seed0_resnet50_none_r5_prop_seed3,RQ4,2,classification,B,cifar100_lt,imb100,stylegan2_ada,gan_cifar100lt_imb100_seed0,resnet50,5,proportional,False,3,0,planned,,,,
cifar100lt_imb100_seed0_resnet50_none_r5_prop_seed4,RQ4,2,classification,B,cifar100_lt,imb100,stylegan2_ada,gan_cifar100lt_imb100_seed0,resnet50,5,proportional,False,4,0,planned,,,,
cifar100lt_imb100_seed0_resnet50_none_r5_bala_seed0,RQ4,2,classification,B,cifar100_lt,imb100,stylegan2_ada,gan_cifar100lt_imb100_seed0,resnet50,5,balanced,False,0,0,planned,,,,
cifar100lt_imb100_seed0_resnet50_none_r5_bala_seed1,RQ4,2,classification,B,cifar100_lt,imb100,stylegan2_ada,gan_cifar100lt_imb100_seed0,resnet50,5,balanced,False,1,0,planned,,,,
cifar100lt_imb100_seed0_resnet50_none_r5_bala_seed2,RQ4,2,classification,B,cifar100_lt,imb100,stylegan2_ada,gan_cifar100lt_imb100_seed0,resnet50,5,balanced,False,2,0,planned,,,,
cifar100lt_imb100_seed0_resnet50_none_r5_bala_seed3,RQ4,2,classification,B,cifar100_lt,imb100,stylegan2_ada,gan_cifar100lt_imb100_seed0,resnet50,5,balanced,False,3,0,planned,,,,
cifar100lt_imb100_seed0_resnet50_none_r5_bala_seed4,RQ4,2,classification,B,cifar100_lt,imb100,stylegan2_ada,gan_cifar100lt_imb100_seed0,resnet50,5,balanced,False,4,0,planned,,,,
cifar100lt_imb100_seed0_convnext_t_none_r1_prop_seed0,RQ4,2,classification,B,cifar100_lt,imb100,stylegan2_ada,gan_cifar100lt_imb100_seed0,convnext_t,1,proportional,False,0,0,planned,,,,
cifar100lt_imb100_seed0_convnext_t_none_r1_prop_seed1,RQ4,2,classification,B,cifar100_lt,imb100,stylegan2_ada,gan_cifar100lt_imb100_seed0,convnext_t,1,proportional,False,1,0,planned,,,,
cifar100lt_imb100_seed0_convnext_t_none_r1_prop_seed2,RQ4,2,classification,B,cifar100_lt,imb100,stylegan2_ada,gan_cifar100lt_imb100_seed0,convnext_t,1,proportional,False,2,0,planned,,,,
cifar100lt_imb100_seed0_convnext_t_none_r1_prop_seed3,RQ4,2,classification,B,cifar100_lt,imb100,stylegan2_ada,gan_cifar100lt_imb100_seed0,convnext_t,1,proportional,False,3,0,planned,,,,
cifar100lt_imb100_seed0_convnext_t_none_r1_prop_seed4,RQ4,2,classification,B,cifar100_lt,imb100,stylegan2_ada,gan_cifar100lt_imb100_seed0,convnext_t,1,proportional,False,4,0,planned,,,,
cifar100lt_imb100_seed0_convnext_t_none_r1_bala_seed0,RQ4,2,classification,B,cifar100_lt,imb100,stylegan2_ada,gan_cifar100lt_imb100_seed0,convnext_t,1,balanced,False,0,0,planned,,,,
cifar100lt_imb100_seed0_convnext_t_none_r1_bala_seed1,RQ4,2,classification,B,cifar100_lt,imb100,stylegan2_ada,gan_cifar100lt_imb100_seed0,convnext_t,1,balanced,False,1,0,planned,,,,
cifar100lt_imb100_seed0_convnext_t_none_r1_bala_seed2,RQ4,2,classification,B,cifar100_lt,imb100,stylegan2_ada,gan_cifar100lt_imb100_seed0,convnext_t,1,balanced,False,2,0,planned,,,,
cifar100lt_imb100_seed0_convnext_t_none_r1_bala_seed3,RQ4,2,classification,B,cifar100_lt,imb100,stylegan2_ada,gan_cifar100lt_imb100_seed0,convnext_t,1,balanced,False,3,0,planned,,,,
cifar100lt_imb100_seed0_convnext_t_none_r1_bala_seed4,RQ4,2,classification,B,cifar100_lt,imb100,stylegan2_ada,gan_cifar100lt_imb100_seed0,convnext_t,1,balanced,False,4,0,planned,,,,
cifar100lt_imb100_seed0_convnext_t_none_r2_prop_seed0,RQ4,2,classification,B,cifar100_lt,imb100,stylegan2_ada,gan_cifar100lt_imb100_seed0,convnext_t,2,proportional,False,0,0,planned,,,,
cifar100lt_imb100_seed0_convnext_t_none_r2_prop_seed1,RQ4,2,classification,B,cifar100_lt,imb100,stylegan2_ada,gan_cifar100lt_imb100_seed0,convnext_t,2,proportional,False,1,0,planned,,,,
cifar100lt_imb100_seed0_convnext_t_none_r2_prop_seed2,RQ4,2,classification,B,cifar100_lt,imb100,stylegan2_ada,gan_cifar100lt_imb100_seed0,convnext_t,2,proportional,False,2,0,planned,,,,
cifar100lt_imb100_seed0_convnext_t_none_r2_prop_seed3,RQ4,2,classification,B,cifar100_lt,imb100,stylegan2_ada,gan_cifar100lt_imb100_seed0,convnext_t,2,proportional,False,3,0,planned,,,,
cifar100lt_imb100_seed0_convnext_t_none_r2_prop_seed4,RQ4,2,classification,B,cifar100_lt,imb100,stylegan2_ada,gan_cifar100lt_imb100_seed0,convnext_t,2,proportional,False,4,0,planned,,,,
cifar100lt_imb100_seed0_convnext_t_none_r2_bala_seed0,RQ4,2,classification,B,cifar100_lt,imb100,stylegan2_ada,gan_cifar100lt_imb100_seed0,convnext_t,2,balanced,False,0,0,planned,,,,
cifar100lt_imb100_seed0_convnext_t_none_r2_bala_seed1,RQ4,2,classification,B,cifar100_lt,imb100,stylegan2_ada,gan_cifar100lt_imb100_seed0,convnext_t,2,balanced,False,1,0,planned,,,,
cifar100lt_imb100_seed0_convnext_t_none_r2_bala_seed2,RQ4,2,classification,B,cifar100_lt,imb100,stylegan2_ada,gan_cifar100lt_imb100_seed0,convnext_t,2,balanced,False,2,0,planned,,,,
cifar100lt_imb100_seed0_convnext_t_none_r2_bala_seed3,RQ4,2,classification,B,cifar100_lt,imb100,stylegan2_ada,gan_cifar100lt_imb100_seed0,convnext_t,2,balanced,False,3,0,planned,,,,
cifar100lt_imb100_seed0_convnext_t_none_r2_bala_seed4,RQ4,2,classification,B,cifar100_lt,imb100,stylegan2_ada,gan_cifar100lt_imb100_seed0,convnext_t,2,balanced,False,4,0,planned,,,,
cifar100lt_imb100_seed0_convnext_t_none_r5_prop_seed0,RQ4,2,classification,B,cifar100_lt,imb100,stylegan2_ada,gan_cifar100lt_imb100_seed0,convnext_t,5,proportional,False,0,0,planned,,,,
cifar100lt_imb100_seed0_convnext_t_none_r5_prop_seed1,RQ4,2,classification,B,cifar100_lt,imb100,stylegan2_ada,gan_cifar100lt_imb100_seed0,convnext_t,5,proportional,False,1,0,planned,,,,
cifar100lt_imb100_seed0_convnext_t_none_r5_prop_seed2,RQ4,2,classification,B,cifar100_lt,imb100,stylegan2_ada,gan_cifar100lt_imb100_seed0,convnext_t,5,proportional,False,2,0,planned,,,,
cifar100lt_imb100_seed0_convnext_t_none_r5_prop_seed3,RQ4,2,classification,B,cifar100_lt,imb100,stylegan2_ada,gan_cifar100lt_imb100_seed0,convnext_t,5,proportional,False,3,0,planned,,,,
cifar100lt_imb100_seed0_convnext_t_none_r5_prop_seed4,RQ4,2,classification,B,cifar100_lt,imb100,stylegan2_ada,gan_cifar100lt_imb100_seed0,convnext_t,5,proportional,False,4,0,planned,,,,
cifar100lt_imb100_seed0_convnext_t_none_r5_bala_seed0,RQ4,2,classification,B,cifar100_lt,imb100,stylegan2_ada,gan_cifar100lt_imb100_seed0,convnext_t,5,balanced,False,0,0,planned,,,,
cifar100lt_imb100_seed0_convnext_t_none_r5_bala_seed1,RQ4,2,classification,B,cifar100_lt,imb100,stylegan2_ada,gan_cifar100lt_imb100_seed0,convnext_t,5,balanced,False,1,0,planned,,,,
cifar100lt_imb100_seed0_convnext_t_none_r5_bala_seed2,RQ4,2,classification,B,cifar100_lt,imb100,stylegan2_ada,gan_cifar100lt_imb100_seed0,convnext_t,5,balanced,False,2,0,planned,,,,
cifar100lt_imb100_seed0_convnext_t_none_r5_bala_seed3,RQ4,2,classification,B,cifar100_lt,imb100,stylegan2_ada,gan_cifar100lt_imb100_seed0,convnext_t,5,balanced,False,3,0,planned,,,,
cifar100lt_imb100_seed0_convnext_t_none_r5_bala_seed4,RQ4,2,classification,B,cifar100_lt,imb100,stylegan2_ada,gan_cifar100lt_imb100_seed0,convnext_t,5,balanced,False,4,0,planned,,,,
cifar100lt_imb100_seed0_vit_b16_none_r1_prop_seed0,RQ4,2,classification,B,cifar100_lt,imb100,stylegan2_ada,gan_cifar100lt_imb100_seed0,vit_b16,1,proportional,False,0,0,planned,,,,
cifar100lt_imb100_seed0_vit_b16_none_r1_prop_seed1,RQ4,2,classification,B,cifar100_lt,imb100,stylegan2_ada,gan_cifar100lt_imb100_seed0,vit_b16,1,proportional,False,1,0,planned,,,,
cifar100lt_imb100_seed0_vit_b16_none_r1_prop_seed2,RQ4,2,classification,B,cifar100_lt,imb100,stylegan2_ada,gan_cifar100lt_imb100_seed0,vit_b16,1,proportional,False,2,0,planned,,,,
cifar100lt_imb100_seed0_vit_b16_none_r1_prop_seed3,RQ4,2,classification,B,cifar100_lt,imb100,stylegan2_ada,gan_cifar100lt_imb100_seed0,vit_b16,1,proportional,False,3,0,planned,,,,
cifar100lt_imb100_seed0_vit_b16_none_r1_prop_seed4,RQ4,2,classification,B,cifar100_lt,imb100,stylegan2_ada,gan_cifar100lt_imb100_seed0,vit_b16,1,proportional,False,4,0,planned,,,,
cifar100lt_imb100_seed0_vit_b16_none_r1_bala_seed0,RQ4,2,classification,B,cifar100_lt,imb100,stylegan2_ada,gan_cifar100lt_imb100_seed0,vit_b16,1,balanced,False,0,0,planned,,,,
cifar100lt_imb100_seed0_vit_b16_none_r1_bala_seed1,RQ4,2,classification,B,cifar100_lt,imb100,stylegan2_ada,gan_cifar100lt_imb100_seed0,vit_b16,1,balanced,False,1,0,planned,,,,
cifar100lt_imb100_seed0_vit_b16_none_r1_bala_seed2,RQ4,2,classification,B,cifar100_lt,imb100,stylegan2_ada,gan_cifar100lt_imb100_seed0,vit_b16,1,balanced,False,2,0,planned,,,,
cifar100lt_imb100_seed0_vit_b16_none_r1_bala_seed3,RQ4,2,classification,B,cifar100_lt,imb100,stylegan2_ada,gan_cifar100lt_imb100_seed0,vit_b16,1,balanced,False,3,0,planned,,,,
cifar100lt_imb100_seed0_vit_b16_none_r1_bala_seed4,RQ4,2,classification,B,cifar100_lt,imb100,stylegan2_ada,gan_cifar100lt_imb100_seed0,vit_b16,1,balanced,False,4,0,planned,,,,
cifar100lt_imb100_seed0_vit_b16_none_r2_prop_seed0,RQ4,2,classification,B,cifar100_lt,imb100,stylegan2_ada,gan_cifar100lt_imb100_seed0,vit_b16,2,proportional,False,0,0,planned,,,,
cifar100lt_imb100_seed0_vit_b16_none_r2_prop_seed1,RQ4,2,classification,B,cifar100_lt,imb100,stylegan2_ada,gan_cifar100lt_imb100_seed0,vit_b16,2,proportional,False,1,0,planned,,,,
cifar100lt_imb100_seed0_vit_b16_none_r2_prop_seed2,RQ4,2,classification,B,cifar100_lt,imb100,stylegan2_ada,gan_cifar100lt_imb100_seed0,vit_b16,2,proportional,False,2,0,planned,,,,
cifar100lt_imb100_seed0_vit_b16_none_r2_prop_seed3,RQ4,2,classification,B,cifar100_lt,imb100,stylegan2_ada,gan_cifar100lt_imb100_seed0,vit_b16,2,proportional,False,3,0,planned,,,,
cifar100lt_imb100_seed0_vit_b16_none_r2_prop_seed4,RQ4,2,classification,B,cifar100_lt,imb100,stylegan2_ada,gan_cifar100lt_imb100_seed0,vit_b16,2,proportional,False,4,0,planned,,,,
cifar100lt_imb100_seed0_vit_b16_none_r2_bala_seed0,RQ4,2,classification,B,cifar100_lt,imb100,stylegan2_ada,gan_cifar100lt_imb100_seed0,vit_b16,2,balanced,False,0,0,planned,,,,
cifar100lt_imb100_seed0_vit_b16_none_r2_bala_seed1,RQ4,2,classification,B,cifar100_lt,imb100,stylegan2_ada,gan_cifar100lt_imb100_seed0,vit_b16,2,balanced,False,1,0,planned,,,,
cifar100lt_imb100_seed0_vit_b16_none_r2_bala_seed2,RQ4,2,classification,B,cifar100_lt,imb100,stylegan2_ada,gan_cifar100lt_imb100_seed0,vit_b16,2,balanced,False,2,0,planned,,,,
cifar100lt_imb100_seed0_vit_b16_none_r2_bala_seed3,RQ4,2,classification,B,cifar100_lt,imb100,stylegan2_ada,gan_cifar100lt_imb100_seed0,vit_b16,2,balanced,False,3,0,planned,,,,
cifar100lt_imb100_seed0_vit_b16_none_r2_bala_seed4,RQ4,2,classification,B,cifar100_lt,imb100,stylegan2_ada,gan_cifar100lt_imb100_seed0,vit_b16,2,balanced,False,4,0,planned,,,,
cifar100lt_imb100_seed0_vit_b16_none_r5_prop_seed0,RQ4,2,classification,B,cifar100_lt,imb100,stylegan2_ada,gan_cifar100lt_imb100_seed0,vit_b16,5,proportional,False,0,0,planned,,,,
cifar100lt_imb100_seed0_vit_b16_none_r5_prop_seed1,RQ4,2,classification,B,cifar100_lt,imb100,stylegan2_ada,gan_cifar100lt_imb100_seed0,vit_b16,5,proportional,False,1,0,planned,,,,
cifar100lt_imb100_seed0_vit_b16_none_r5_prop_seed2,RQ4,2,classification,B,cifar100_lt,imb100,stylegan2_ada,gan_cifar100lt_imb100_seed0,vit_b16,5,proportional,False,2,0,planned,,,,
cifar100lt_imb100_seed0_vit_b16_none_r5_prop_seed3,RQ4,2,classification,B,cifar100_lt,imb100,stylegan2_ada,gan_cifar100lt_imb100_seed0,vit_b16,5,proportional,False,3,0,planned,,,,
cifar100lt_imb100_seed0_vit_b16_none_r5_prop_seed4,RQ4,2,classification,B,cifar100_lt,imb100,stylegan2_ada,gan_cifar100lt_imb100_seed0,vit_b16,5,proportional,False,4,0,planned,,,,
cifar100lt_imb100_seed0_vit_b16_none_r5_bala_seed0,RQ4,2,classification,B,cifar100_lt,imb100,stylegan2_ada,gan_cifar100lt_imb100_seed0,vit_b16,5,balanced,False,0,0,planned,,,,
cifar100lt_imb100_seed0_vit_b16_none_r5_bala_seed1,RQ4,2,classification,B,cifar100_lt,imb100,stylegan2_ada,gan_cifar100lt_imb100_seed0,vit_b16,5,balanced,False,1,0,planned,,,,
cifar100lt_imb100_seed0_vit_b16_none_r5_bala_seed2,RQ4,2,classification,B,cifar100_lt,imb100,stylegan2_ada,gan_cifar100lt_imb100_seed0,vit_b16,5,balanced,False,2,0,planned,,,,
cifar100lt_imb100_seed0_vit_b16_none_r5_bala_seed3,RQ4,2,classification,B,cifar100_lt,imb100,stylegan2_ada,gan_cifar100lt_imb100_seed0,vit_b16,5,balanced,False,3,0,planned,,,,
cifar100lt_imb100_seed0_vit_b16_none_r5_bala_seed4,RQ4,2,classification,B,cifar100_lt,imb100,stylegan2_ada,gan_cifar100lt_imb100_seed0,vit_b16,5,balanced,False,4,0,planned,,,,
cifar100lt_imb100_seed0_swin_t_none_r1_prop_seed0,RQ4,2,classification,B,cifar100_lt,imb100,stylegan2_ada,gan_cifar100lt_imb100_seed0,swin_t,1,proportional,False,0,0,planned,,,,
cifar100lt_imb100_seed0_swin_t_none_r1_prop_seed1,RQ4,2,classification,B,cifar100_lt,imb100,stylegan2_ada,gan_cifar100lt_imb100_seed0,swin_t,1,proportional,False,1,0,planned,,,,
cifar100lt_imb100_seed0_swin_t_none_r1_prop_seed2,RQ4,2,classification,B,cifar100_lt,imb100,stylegan2_ada,gan_cifar100lt_imb100_seed0,swin_t,1,proportional,False,2,0,planned,,,,
cifar100lt_imb100_seed0_swin_t_none_r1_prop_seed3,RQ4,2,classification,B,cifar100_lt,imb100,stylegan2_ada,gan_cifar100lt_imb100_seed0,swin_t,1,proportional,False,3,0,planned,,,,
cifar100lt_imb100_seed0_swin_t_none_r1_prop_seed4,RQ4,2,classification,B,cifar100_lt,imb100,stylegan2_ada,gan_cifar100lt_imb100_seed0,swin_t,1,proportional,False,4,0,planned,,,,
cifar100lt_imb100_seed0_swin_t_none_r1_bala_seed0,RQ4,2,classification,B,cifar100_lt,imb100,stylegan2_ada,gan_cifar100lt_imb100_seed0,swin_t,1,balanced,False,0,0,planned,,,,
cifar100lt_imb100_seed0_swin_t_none_r1_bala_seed1,RQ4,2,classification,B,cifar100_lt,imb100,stylegan2_ada,gan_cifar100lt_imb100_seed0,swin_t,1,balanced,False,1,0,planned,,,,
cifar100lt_imb100_seed0_swin_t_none_r1_bala_seed2,RQ4,2,classification,B,cifar100_lt,imb100,stylegan2_ada,gan_cifar100lt_imb100_seed0,swin_t,1,balanced,False,2,0,planned,,,,
cifar100lt_imb100_seed0_swin_t_none_r1_bala_seed3,RQ4,2,classification,B,cifar100_lt,imb100,stylegan2_ada,gan_cifar100lt_imb100_seed0,swin_t,1,balanced,False,3,0,planned,,,,
cifar100lt_imb100_seed0_swin_t_none_r1_bala_seed4,RQ4,2,classification,B,cifar100_lt,imb100,stylegan2_ada,gan_cifar100lt_imb100_seed0,swin_t,1,balanced,False,4,0,planned,,,,
cifar100lt_imb100_seed0_swin_t_none_r2_prop_seed0,RQ4,2,classification,B,cifar100_lt,imb100,stylegan2_ada,gan_cifar100lt_imb100_seed0,swin_t,2,proportional,False,0,0,planned,,,,
cifar100lt_imb100_seed0_swin_t_none_r2_prop_seed1,RQ4,2,classification,B,cifar100_lt,imb100,stylegan2_ada,gan_cifar100lt_imb100_seed0,swin_t,2,proportional,False,1,0,planned,,,,
cifar100lt_imb100_seed0_swin_t_none_r2_prop_seed2,RQ4,2,classification,B,cifar100_lt,imb100,stylegan2_ada,gan_cifar100lt_imb100_seed0,swin_t,2,proportional,False,2,0,planned,,,,
cifar100lt_imb100_seed0_swin_t_none_r2_prop_seed3,RQ4,2,classification,B,cifar100_lt,imb100,stylegan2_ada,gan_cifar100lt_imb100_seed0,swin_t,2,proportional,False,3,0,planned,,,,
cifar100lt_imb100_seed0_swin_t_none_r2_prop_seed4,RQ4,2,classification,B,cifar100_lt,imb100,stylegan2_ada,gan_cifar100lt_imb100_seed0,swin_t,2,proportional,False,4,0,planned,,,,
cifar100lt_imb100_seed0_swin_t_none_r2_bala_seed0,RQ4,2,classification,B,cifar100_lt,imb100,stylegan2_ada,gan_cifar100lt_imb100_seed0,swin_t,2,balanced,False,0,0,planned,,,,
cifar100lt_imb100_seed0_swin_t_none_r2_bala_seed1,RQ4,2,classification,B,cifar100_lt,imb100,stylegan2_ada,gan_cifar100lt_imb100_seed0,swin_t,2,balanced,False,1,0,planned,,,,
cifar100lt_imb100_seed0_swin_t_none_r2_bala_seed2,RQ4,2,classification,B,cifar100_lt,imb100,stylegan2_ada,gan_cifar100lt_imb100_seed0,swin_t,2,balanced,False,2,0,planned,,,,
cifar100lt_imb100_seed0_swin_t_none_r2_bala_seed3,RQ4,2,classification,B,cifar100_lt,imb100,stylegan2_ada,gan_cifar100lt_imb100_seed0,swin_t,2,balanced,False,3,0,planned,,,,
cifar100lt_imb100_seed0_swin_t_none_r2_bala_seed4,RQ4,2,classification,B,cifar100_lt,imb100,stylegan2_ada,gan_cifar100lt_imb100_seed0,swin_t,2,balanced,False,4,0,planned,,,,
cifar100lt_imb100_seed0_swin_t_none_r5_prop_seed0,RQ4,2,classification,B,cifar100_lt,imb100,stylegan2_ada,gan_cifar100lt_imb100_seed0,swin_t,5,proportional,False,0,0,planned,,,,
cifar100lt_imb100_seed0_swin_t_none_r5_prop_seed1,RQ4,2,classification,B,cifar100_lt,imb100,stylegan2_ada,gan_cifar100lt_imb100_seed0,swin_t,5,proportional,False,1,0,planned,,,,
cifar100lt_imb100_seed0_swin_t_none_r5_prop_seed2,RQ4,2,classification,B,cifar100_lt,imb100,stylegan2_ada,gan_cifar100lt_imb100_seed0,swin_t,5,proportional,False,2,0,planned,,,,
cifar100lt_imb100_seed0_swin_t_none_r5_prop_seed3,RQ4,2,classification,B,cifar100_lt,imb100,stylegan2_ada,gan_cifar100lt_imb100_seed0,swin_t,5,proportional,False,3,0,planned,,,,
cifar100lt_imb100_seed0_swin_t_none_r5_prop_seed4,RQ4,2,classification,B,cifar100_lt,imb100,stylegan2_ada,gan_cifar100lt_imb100_seed0,swin_t,5,proportional,False,4,0,planned,,,,
cifar100lt_imb100_seed0_swin_t_none_r5_bala_seed0,RQ4,2,classification,B,cifar100_lt,imb100,stylegan2_ada,gan_cifar100lt_imb100_seed0,swin_t,5,balanced,False,0,0,planned,,,,
cifar100lt_imb100_seed0_swin_t_none_r5_bala_seed1,RQ4,2,classification,B,cifar100_lt,imb100,stylegan2_ada,gan_cifar100lt_imb100_seed0,swin_t,5,balanced,False,1,0,planned,,,,
cifar100lt_imb100_seed0_swin_t_none_r5_bala_seed2,RQ4,2,classification,B,cifar100_lt,imb100,stylegan2_ada,gan_cifar100lt_imb100_seed0,swin_t,5,balanced,False,2,0,planned,,,,
cifar100lt_imb100_seed0_swin_t_none_r5_bala_seed3,RQ4,2,classification,B,cifar100_lt,imb100,stylegan2_ada,gan_cifar100lt_imb100_seed0,swin_t,5,balanced,False,3,0,planned,,,,
cifar100lt_imb100_seed0_swin_t_none_r5_bala_seed4,RQ4,2,classification,B,cifar100_lt,imb100,stylegan2_ada,gan_cifar100lt_imb100_seed0,swin_t,5,balanced,False,4,0,planned,,,,
